Date,Time,Platform,Month Theme,Post Idea,Caption,Content Type,Campaign,Media,Status,Notes
2026-01-01,18:00,Instagram,Winter Art Inspiration & New Goals,Throwback piece from past exhibits,📸 Throwback to a favorite past exhibit at Kokomo Art Association. Our “Winter Art Inspiration & New Goals” theme reminds us how far our artists and community have come. #TBT #KokomoArtHistory,Post,,,Draft,
2026-01-01,10:00,Facebook,Winter Art Inspiration & New Goals,Throwback piece from past exhibits,📸 Throwback to a favorite past exhibit at Kokomo Art Association. Our “Winter Art Inspiration & New Goals” theme reminds us how far our artists and community have come. #TBT #KokomoArtHistory,Post,,,Draft,
2026-01-02,18:00,Instagram,Winter Art Inspiration & New Goals,Call to visit the gallery,"🏛️ Have you visited the gallery recently? Drop by and experience our “Winter Art Inspiration & New Goals” artworks in person. Admission is affordable, inspiration is free. #VisitTheGallery #SupportTheArts",Post,,,Draft,
2026-01-02,10:00,Facebook,Winter Art Inspiration & New Goals,Call to visit the gallery,"🏛️ Have you visited the gallery recently? Drop by and experience our “Winter Art Inspiration & New Goals” artworks in person. Admission is affordable, inspiration is free. #VisitTheGallery #SupportTheArts",Post,,,Draft,
2026-01-03,18:00,Instagram,Winter Art Inspiration & New Goals,Community shout-out,🤝 Community shout-out! Today we’re thanking everyone who helps keep Kokomo’s arts scene thriving—from volunteers to visitors. Our “Winter Art Inspiration & New Goals” focus is stronger with you. #CommunityLove #KokomoArts,Post,,,Draft,
2026-01-03,10:00,Facebook,Winter Art Inspiration & New Goals,Community shout-out,🤝 Community shout-out! Today we’re thanking everyone who helps keep Kokomo’s arts scene thriving—from volunteers to visitors. Our “Winter Art Inspiration & New Goals” focus is stronger with you. #CommunityLove #KokomoArts,Post,,,Draft,
2026-01-04,18:00,Instagram,Winter Art Inspiration & New Goals,Prompt for followers,🖌️ Creative prompt: make something today inspired by “Winter Art Inspiration & New Goals.” Share a photo and tag Kokomo Art Association so we can cheer you on! #ArtPrompt #MakeMoreArt,Post,,,Draft,
2026-01-04,10:00,Facebook,Winter Art Inspiration & New Goals,Prompt for followers,🖌️ Creative prompt: make something today inspired by “Winter Art Inspiration & New Goals.” Share a photo and tag Kokomo Art Association so we can cheer you on! #ArtPrompt #MakeMoreArt,Post,,,Draft,
2026-01-05,18:00,Instagram,Winter Art Inspiration & New Goals,New Year message and membership drive,🎉 Happy New Year from Kokomo Art Association! We're excited to kick off 2026 with fresh inspiration and new artistic goals. Become a member and join us in fostering local talent all year long. #KokomoArt #NewYearNewArt,Post,,,Draft,
2026-01-05,10:00,Facebook,Winter Art Inspiration & New Goals,New Year message and membership drive,🎉 Happy New Year from Kokomo Art Association! We're excited to kick off 2026 with fresh inspiration and new artistic goals. Become a member and join us in fostering local talent all year long. #KokomoArt #NewYearNewArt,Post,,,Draft,
2026-01-06,18:00,Instagram,Winter Art Inspiration & New Goals,Behind-the-scenes snapshot,"🧵 Behind the scenes at Kokomo Art Association—prep, planning, and plenty of paint. Our “Winter Art Inspiration & New Goals” focus keeps us inspired every day. #BehindTheScenes #GalleryLife",Post,,,Draft,
2026-01-06,10:00,Facebook,Winter Art Inspiration & New Goals,Behind-the-scenes snapshot,"🧵 Behind the scenes at Kokomo Art Association—prep, planning, and plenty of paint. Our “Winter Art Inspiration & New Goals” focus keeps us inspired every day. #BehindTheScenes #GalleryLife",Post,,,Draft,
2026-01-07,18:00,Instagram,Winter Art Inspiration & New Goals,Artist quote of the day,💬 Art quote of the day: let this little spark of wisdom fuel your creativity. Our “Winter Art Inspiration & New Goals” theme is all about staying inspired. What are you working on? #ArtQuote #CreativeCommunity,Post,,,Draft,
2026-01-07,10:00,Facebook,Winter Art Inspiration & New Goals,Artist quote of the day,💬 Art quote of the day: let this little spark of wisdom fuel your creativity. Our “Winter Art Inspiration & New Goals” theme is all about staying inspired. What are you working on? #ArtQuote #CreativeCommunity,Post,,,Draft,
2026-01-08,18:00,Instagram,Winter Art Inspiration & New Goals,Throwback piece from past exhibits,📸 Throwback to a favorite past exhibit at Kokomo Art Association. Our “Winter Art Inspiration & New Goals” theme reminds us how far our artists and community have come. #TBT #KokomoArtHistory,Post,,,Draft,
2026-01-08,10:00,Facebook,Winter Art Inspiration & New Goals,Throwback piece from past exhibits,📸 Throwback to a favorite past exhibit at Kokomo Art Association. Our “Winter Art Inspiration & New Goals” theme reminds us how far our artists and community have come. #TBT #KokomoArtHistory,Post,,,Draft,
2026-01-09,18:00,Instagram,Winter Art Inspiration & New Goals,Call to visit the gallery,"🏛️ Have you visited the gallery recently? Drop by and experience our “Winter Art Inspiration & New Goals” artworks in person. Admission is affordable, inspiration is free. #VisitTheGallery #SupportTheArts",Post,,,Draft,
2026-01-09,10:00,Facebook,Winter Art Inspiration & New Goals,Call to visit the gallery,"🏛️ Have you visited the gallery recently? Drop by and experience our “Winter Art Inspiration & New Goals” artworks in person. Admission is affordable, inspiration is free. #VisitTheGallery #SupportTheArts",Post,,,Draft,
2026-01-10,18:00,Instagram,Winter Art Inspiration & New Goals,Community shout-out,🤝 Community shout-out! Today we’re thanking everyone who helps keep Kokomo’s arts scene thriving—from volunteers to visitors. Our “Winter Art Inspiration & New Goals” focus is stronger with you. #CommunityLove #KokomoArts,Post,,,Draft,
2026-01-10,10:00,Facebook,Winter Art Inspiration & New Goals,Community shout-out,🤝 Community shout-out! Today we’re thanking everyone who helps keep Kokomo’s arts scene thriving—from volunteers to visitors. Our “Winter Art Inspiration & New Goals” focus is stronger with you. #CommunityLove #KokomoArts,Post,,,Draft,
2026-01-11,18:00,Instagram,Winter Art Inspiration & New Goals,Prompt for followers,🖌️ Creative prompt: make something today inspired by “Winter Art Inspiration & New Goals.” Share a photo and tag Kokomo Art Association so we can cheer you on! #ArtPrompt #MakeMoreArt,Post,,,Draft,
2026-01-11,10:00,Facebook,Winter Art Inspiration & New Goals,Prompt for followers,🖌️ Creative prompt: make something today inspired by “Winter Art Inspiration & New Goals.” Share a photo and tag Kokomo Art Association so we can cheer you on! #ArtPrompt #MakeMoreArt,Post,,,Draft,
2026-01-12,18:00,Instagram,Winter Art Inspiration & New Goals,Encourage artists to set creative goals for the year,"🖌️ What are your creative goals for 2026? Whether it's mastering watercolors or debuting your first gallery show, we're here to support you. Share your goals with us! #ArtGoals #SupportLocalArtists",Post,,,Draft,
2026-01-12,10:00,Facebook,Winter Art Inspiration & New Goals,Encourage artists to set creative goals for the year,"🖌️ What are your creative goals for 2026? Whether it's mastering watercolors or debuting your first gallery show, we're here to support you. Share your goals with us! #ArtGoals #SupportLocalArtists",Post,,,Draft,
2026-01-13,18:00,Instagram,Winter Art Inspiration & New Goals,Behind-the-scenes snapshot,"🧵 Behind the scenes at Kokomo Art Association—prep, planning, and plenty of paint. Our “Winter Art Inspiration & New Goals” focus keeps us inspired every day. #BehindTheScenes #GalleryLife",Post,,,Draft,
2026-01-13,10:00,Facebook,Winter Art Inspiration & New Goals,Behind-the-scenes snapshot,"🧵 Behind the scenes at Kokomo Art Association—prep, planning, and plenty of paint. Our “Winter Art Inspiration & New Goals” focus keeps us inspired every day. #BehindTheScenes #GalleryLife",Post,,,Draft,
2026-01-14,18:00,Instagram,Winter Art Inspiration & New Goals,Artist quote of the day,💬 Art quote of the day: let this little spark of wisdom fuel your creativity. Our “Winter Art Inspiration & New Goals” theme is all about staying inspired. What are you working on? #ArtQuote #CreativeCommunity,Post,,,Draft,
2026-01-14,10:00,Facebook,Winter Art Inspiration & New Goals,Artist quote of the day,💬 Art quote of the day: let this little spark of wisdom fuel your creativity. Our “Winter Art Inspiration & New Goals” theme is all about staying inspired. What are you working on? #ArtQuote #CreativeCommunity,Post,,,Draft,
2026-01-15,18:00,Instagram,Winter Art Inspiration & New Goals,Throwback piece from past exhibits,📸 Throwback to a favorite past exhibit at Kokomo Art Association. Our “Winter Art Inspiration & New Goals” theme reminds us how far our artists and community have come. #TBT #KokomoArtHistory,Post,,,Draft,
2026-01-15,10:00,Facebook,Winter Art Inspiration & New Goals,Throwback piece from past exhibits,📸 Throwback to a favorite past exhibit at Kokomo Art Association. Our “Winter Art Inspiration & New Goals” theme reminds us how far our artists and community have come. #TBT #KokomoArtHistory,Post,,,Draft,
2026-01-16,18:00,Instagram,Winter Art Inspiration & New Goals,Call to visit the gallery,"🏛️ Have you visited the gallery recently? Drop by and experience our “Winter Art Inspiration & New Goals” artworks in person. Admission is affordable, inspiration is free. #VisitTheGallery #SupportTheArts",Post,,,Draft,
2026-01-16,10:00,Facebook,Winter Art Inspiration & New Goals,Call to visit the gallery,"🏛️ Have you visited the gallery recently? Drop by and experience our “Winter Art Inspiration & New Goals” artworks in person. Admission is affordable, inspiration is free. #VisitTheGallery #SupportTheArts",Post,,,Draft,
2026-01-17,18:00,Instagram,Winter Art Inspiration & New Goals,Community shout-out,🤝 Community shout-out! Today we’re thanking everyone who helps keep Kokomo’s arts scene thriving—from volunteers to visitors. Our “Winter Art Inspiration & New Goals” focus is stronger with you. #CommunityLove #KokomoArts,Post,,,Draft,
2026-01-17,10:00,Facebook,Winter Art Inspiration & New Goals,Community shout-out,🤝 Community shout-out! Today we’re thanking everyone who helps keep Kokomo’s arts scene thriving—from volunteers to visitors. Our “Winter Art Inspiration & New Goals” focus is stronger with you. #CommunityLove #KokomoArts,Post,,,Draft,
2026-01-18,18:00,Instagram,Winter Art Inspiration & New Goals,Prompt for followers,🖌️ Creative prompt: make something today inspired by “Winter Art Inspiration & New Goals.” Share a photo and tag Kokomo Art Association so we can cheer you on! #ArtPrompt #MakeMoreArt,Post,,,Draft,
2026-01-18,10:00,Facebook,Winter Art Inspiration & New Goals,Prompt for followers,🖌️ Creative prompt: make something today inspired by “Winter Art Inspiration & New Goals.” Share a photo and tag Kokomo Art Association so we can cheer you on! #ArtPrompt #MakeMoreArt,Post,,,Draft,
2026-01-19,18:00,Instagram,Winter Art Inspiration & New Goals,Tease an upcoming winter exhibit,❄️ Stay tuned for our winter exhibit featuring stunning works that capture the beauty of the season. Hint: think frosty palettes and cozy vibes. More details coming soon! #WinterExhibit #KokomoArt,Post,,,Draft,
2026-01-19,10:00,Facebook,Winter Art Inspiration & New Goals,Tease an upcoming winter exhibit,❄️ Stay tuned for our winter exhibit featuring stunning works that capture the beauty of the season. Hint: think frosty palettes and cozy vibes. More details coming soon! #WinterExhibit #KokomoArt,Post,,,Draft,
2026-01-20,18:00,Instagram,Winter Art Inspiration & New Goals,Behind-the-scenes snapshot,"🧵 Behind the scenes at Kokomo Art Association—prep, planning, and plenty of paint. Our “Winter Art Inspiration & New Goals” focus keeps us inspired every day. #BehindTheScenes #GalleryLife",Post,,,Draft,
2026-01-20,10:00,Facebook,Winter Art Inspiration & New Goals,Behind-the-scenes snapshot,"🧵 Behind the scenes at Kokomo Art Association—prep, planning, and plenty of paint. Our “Winter Art Inspiration & New Goals” focus keeps us inspired every day. #BehindTheScenes #GalleryLife",Post,,,Draft,
2026-01-21,18:00,Instagram,Winter Art Inspiration & New Goals,Artist quote of the day,💬 Art quote of the day: let this little spark of wisdom fuel your creativity. Our “Winter Art Inspiration & New Goals” theme is all about staying inspired. What are you working on? #ArtQuote #CreativeCommunity,Post,,,Draft,
2026-01-21,10:00,Facebook,Winter Art Inspiration & New Goals,Artist quote of the day,💬 Art quote of the day: let this little spark of wisdom fuel your creativity. Our “Winter Art Inspiration & New Goals” theme is all about staying inspired. What are you working on? #ArtQuote #CreativeCommunity,Post,,,Draft,
2026-01-22,18:00,Instagram,Winter Art Inspiration & New Goals,Throwback piece from past exhibits,📸 Throwback to a favorite past exhibit at Kokomo Art Association. Our “Winter Art Inspiration & New Goals” theme reminds us how far our artists and community have come. #TBT #KokomoArtHistory,Post,,,Draft,
2026-01-22,10:00,Facebook,Winter Art Inspiration & New Goals,Throwback piece from past exhibits,📸 Throwback to a favorite past exhibit at Kokomo Art Association. Our “Winter Art Inspiration & New Goals” theme reminds us how far our artists and community have come. #TBT #KokomoArtHistory,Post,,,Draft,
2026-01-23,18:00,Instagram,Winter Art Inspiration & New Goals,Call to visit the gallery,"🏛️ Have you visited the gallery recently? Drop by and experience our “Winter Art Inspiration & New Goals” artworks in person. Admission is affordable, inspiration is free. #VisitTheGallery #SupportTheArts",Post,,,Draft,
2026-01-23,10:00,Facebook,Winter Art Inspiration & New Goals,Call to visit the gallery,"🏛️ Have you visited the gallery recently? Drop by and experience our “Winter Art Inspiration & New Goals” artworks in person. Admission is affordable, inspiration is free. #VisitTheGallery #SupportTheArts",Post,,,Draft,
2026-01-24,18:00,Instagram,Winter Art Inspiration & New Goals,Community shout-out,🤝 Community shout-out! Today we’re thanking everyone who helps keep Kokomo’s arts scene thriving—from volunteers to visitors. Our “Winter Art Inspiration & New Goals” focus is stronger with you. #CommunityLove #KokomoArts,Post,,,Draft,
2026-01-24,10:00,Facebook,Winter Art Inspiration & New Goals,Community shout-out,🤝 Community shout-out! Today we’re thanking everyone who helps keep Kokomo’s arts scene thriving—from volunteers to visitors. Our “Winter Art Inspiration & New Goals” focus is stronger with you. #CommunityLove #KokomoArts,Post,,,Draft,
2026-01-25,18:00,Instagram,Winter Art Inspiration & New Goals,Prompt for followers,🖌️ Creative prompt: make something today inspired by “Winter Art Inspiration & New Goals.” Share a photo and tag Kokomo Art Association so we can cheer you on! #ArtPrompt #MakeMoreArt,Post,,,Draft,
2026-01-25,10:00,Facebook,Winter Art Inspiration & New Goals,Prompt for followers,🖌️ Creative prompt: make something today inspired by “Winter Art Inspiration & New Goals.” Share a photo and tag Kokomo Art Association so we can cheer you on! #ArtPrompt #MakeMoreArt,Post,,,Draft,
2026-01-26,18:00,Instagram,Winter Art Inspiration & New Goals,Behind-the-scenes look at prepping a new exhibition,"🔧 Curators, volunteers, and artists are busy prepping our next exhibition. From hanging pieces to adjusting lights, it’s a labor of love. Sneak peek! #BehindTheScenes #GalleryPrep",Post,,,Draft,
2026-01-26,10:00,Facebook,Winter Art Inspiration & New Goals,Behind-the-scenes look at prepping a new exhibition,"🔧 Curators, volunteers, and artists are busy prepping our next exhibition. From hanging pieces to adjusting lights, it’s a labor of love. Sneak peek! #BehindTheScenes #GalleryPrep",Post,,,Draft,
2026-01-27,18:00,Instagram,Winter Art Inspiration & New Goals,Behind-the-scenes snapshot,"🧵 Behind the scenes at Kokomo Art Association—prep, planning, and plenty of paint. Our “Winter Art Inspiration & New Goals” focus keeps us inspired every day. #BehindTheScenes #GalleryLife",Post,,,Draft,
2026-01-27,10:00,Facebook,Winter Art Inspiration & New Goals,Behind-the-scenes snapshot,"🧵 Behind the scenes at Kokomo Art Association—prep, planning, and plenty of paint. Our “Winter Art Inspiration & New Goals” focus keeps us inspired every day. #BehindTheScenes #GalleryLife",Post,,,Draft,
2026-01-28,18:00,Instagram,Winter Art Inspiration & New Goals,Artist quote of the day,💬 Art quote of the day: let this little spark of wisdom fuel your creativity. Our “Winter Art Inspiration & New Goals” theme is all about staying inspired. What are you working on? #ArtQuote #CreativeCommunity,Post,,,Draft,
2026-01-28,10:00,Facebook,Winter Art Inspiration & New Goals,Artist quote of the day,💬 Art quote of the day: let this little spark of wisdom fuel your creativity. Our “Winter Art Inspiration & New Goals” theme is all about staying inspired. What are you working on? #ArtQuote #CreativeCommunity,Post,,,Draft,
2026-01-29,18:00,Instagram,Winter Art Inspiration & New Goals,Throwback piece from past exhibits,📸 Throwback to a favorite past exhibit at Kokomo Art Association. Our “Winter Art Inspiration & New Goals” theme reminds us how far our artists and community have come. #TBT #KokomoArtHistory,Post,,,Draft,
2026-01-29,10:00,Facebook,Winter Art Inspiration & New Goals,Throwback piece from past exhibits,📸 Throwback to a favorite past exhibit at Kokomo Art Association. Our “Winter Art Inspiration & New Goals” theme reminds us how far our artists and community have come. #TBT #KokomoArtHistory,Post,,,Draft,
2026-01-30,18:00,Instagram,Winter Art Inspiration & New Goals,Call to visit the gallery,"🏛️ Have you visited the gallery recently? Drop by and experience our “Winter Art Inspiration & New Goals” artworks in person. Admission is affordable, inspiration is free. #VisitTheGallery #SupportTheArts",Post,,,Draft,
2026-01-30,10:00,Facebook,Winter Art Inspiration & New Goals,Call to visit the gallery,"🏛️ Have you visited the gallery recently? Drop by and experience our “Winter Art Inspiration & New Goals” artworks in person. Admission is affordable, inspiration is free. #VisitTheGallery #SupportTheArts",Post,,,Draft,
2026-01-31,18:00,Instagram,Winter Art Inspiration & New Goals,Community shout-out,🤝 Community shout-out! Today we’re thanking everyone who helps keep Kokomo’s arts scene thriving—from volunteers to visitors. Our “Winter Art Inspiration & New Goals” focus is stronger with you. #CommunityLove #KokomoArts,Post,,,Draft,
2026-01-31,10:00,Facebook,Winter Art Inspiration & New Goals,Community shout-out,🤝 Community shout-out! Today we’re thanking everyone who helps keep Kokomo’s arts scene thriving—from volunteers to visitors. Our “Winter Art Inspiration & New Goals” focus is stronger with you. #CommunityLove #KokomoArts,Post,,,Draft,
2026-02-01,18:00,Instagram,Love & Art,Prompt for followers,🖌️ Creative prompt: make something today inspired by “Love & Art.” Share a photo and tag Kokomo Art Association so we can cheer you on! #ArtPrompt #MakeMoreArt,Post,,,Draft,
2026-02-01,10:00,Facebook,Love & Art,Prompt for followers,🖌️ Creative prompt: make something today inspired by “Love & Art.” Share a photo and tag Kokomo Art Association so we can cheer you on! #ArtPrompt #MakeMoreArt,Post,,,Draft,
2026-02-02,18:00,Instagram,Love & Art,Daily art highlight,✨ Daily art moment from Kokomo Art Association! Today we’re celebrating our “Love & Art” theme with a featured piece or story from the local art community. Share what it makes you feel. #KokomoArt #DailyArt,Post,,,Draft,
2026-02-02,10:00,Facebook,Love & Art,Daily art highlight,✨ Daily art moment from Kokomo Art Association! Today we’re celebrating our “Love & Art” theme with a featured piece or story from the local art community. Share what it makes you feel. #KokomoArt #DailyArt,Post,,,Draft,
2026-02-03,18:00,Instagram,Love & Art,Behind-the-scenes snapshot,"🧵 Behind the scenes at Kokomo Art Association—prep, planning, and plenty of paint. Our “Love & Art” focus keeps us inspired every day. #BehindTheScenes #GalleryLife",Post,,,Draft,
2026-02-03,10:00,Facebook,Love & Art,Behind-the-scenes snapshot,"🧵 Behind the scenes at Kokomo Art Association—prep, planning, and plenty of paint. Our “Love & Art” focus keeps us inspired every day. #BehindTheScenes #GalleryLife",Post,,,Draft,
2026-02-04,18:00,Instagram,Love & Art,Artist quote of the day,💬 Art quote of the day: let this little spark of wisdom fuel your creativity. Our “Love & Art” theme is all about staying inspired. What are you working on? #ArtQuote #CreativeCommunity,Post,,,Draft,
2026-02-04,10:00,Facebook,Love & Art,Artist quote of the day,💬 Art quote of the day: let this little spark of wisdom fuel your creativity. Our “Love & Art” theme is all about staying inspired. What are you working on? #ArtQuote #CreativeCommunity,Post,,,Draft,
2026-02-05,18:00,Instagram,Love & Art,Showcase a romantic or love-themed artwork from the collection,❤️ Love is in the air—and on the canvas! Check out this romantic piece by a local artist that perfectly captures the spirit of February. #LoveAndArt #KokomoArtists,Post,,,Draft,
2026-02-05,10:00,Facebook,Love & Art,Showcase a romantic or love-themed artwork from the collection,❤️ Love is in the air—and on the canvas! Check out this romantic piece by a local artist that perfectly captures the spirit of February. #LoveAndArt #KokomoArtists,Post,,,Draft,
2026-02-06,18:00,Instagram,Love & Art,Call to visit the gallery,"🏛️ Have you visited the gallery recently? Drop by and experience our “Love & Art” artworks in person. Admission is affordable, inspiration is free. #VisitTheGallery #SupportTheArts",Post,,,Draft,
2026-02-06,10:00,Facebook,Love & Art,Call to visit the gallery,"🏛️ Have you visited the gallery recently? Drop by and experience our “Love & Art” artworks in person. Admission is affordable, inspiration is free. #VisitTheGallery #SupportTheArts",Post,,,Draft,
2026-02-07,18:00,Instagram,Love & Art,Community shout-out,🤝 Community shout-out! Today we’re thanking everyone who helps keep Kokomo’s arts scene thriving—from volunteers to visitors. Our “Love & Art” focus is stronger with you. #CommunityLove #KokomoArts,Post,,,Draft,
2026-02-07,10:00,Facebook,Love & Art,Community shout-out,🤝 Community shout-out! Today we’re thanking everyone who helps keep Kokomo’s arts scene thriving—from volunteers to visitors. Our “Love & Art” focus is stronger with you. #CommunityLove #KokomoArts,Post,,,Draft,
2026-02-08,18:00,Instagram,Love & Art,Prompt for followers,🖌️ Creative prompt: make something today inspired by “Love & Art.” Share a photo and tag Kokomo Art Association so we can cheer you on! #ArtPrompt #MakeMoreArt,Post,,,Draft,
2026-02-08,10:00,Facebook,Love & Art,Prompt for followers,🖌️ Creative prompt: make something today inspired by “Love & Art.” Share a photo and tag Kokomo Art Association so we can cheer you on! #ArtPrompt #MakeMoreArt,Post,,,Draft,
2026-02-09,18:00,Instagram,Love & Art,Daily art highlight,✨ Daily art moment from Kokomo Art Association! Today we’re celebrating our “Love & Art” theme with a featured piece or story from the local art community. Share what it makes you feel. #KokomoArt #DailyArt,Post,,,Draft,
2026-02-09,10:00,Facebook,Love & Art,Daily art highlight,✨ Daily art moment from Kokomo Art Association! Today we’re celebrating our “Love & Art” theme with a featured piece or story from the local art community. Share what it makes you feel. #KokomoArt #DailyArt,Post,,,Draft,
2026-02-10,18:00,Instagram,Love & Art,Behind-the-scenes snapshot,"🧵 Behind the scenes at Kokomo Art Association—prep, planning, and plenty of paint. Our “Love & Art” focus keeps us inspired every day. #BehindTheScenes #GalleryLife",Post,,,Draft,
2026-02-10,10:00,Facebook,Love & Art,Behind-the-scenes snapshot,"🧵 Behind the scenes at Kokomo Art Association—prep, planning, and plenty of paint. Our “Love & Art” focus keeps us inspired every day. #BehindTheScenes #GalleryLife",Post,,,Draft,
2026-02-11,18:00,Instagram,Love & Art,Artist quote of the day,💬 Art quote of the day: let this little spark of wisdom fuel your creativity. Our “Love & Art” theme is all about staying inspired. What are you working on? #ArtQuote #CreativeCommunity,Post,,,Draft,
2026-02-11,10:00,Facebook,Love & Art,Artist quote of the day,💬 Art quote of the day: let this little spark of wisdom fuel your creativity. Our “Love & Art” theme is all about staying inspired. What are you working on? #ArtQuote #CreativeCommunity,Post,,,Draft,
2026-02-12,18:00,Instagram,Love & Art,Promote a couples’ painting night event,"🎨 Date night, anyone? Grab your partner and join us for a couples’ painting night. No experience necessary—just bring your love and creativity! #CouplesPainting #ArtDate",Post,,,Draft,
2026-02-12,10:00,Facebook,Love & Art,Promote a couples’ painting night event,"🎨 Date night, anyone? Grab your partner and join us for a couples’ painting night. No experience necessary—just bring your love and creativity! #CouplesPainting #ArtDate",Post,,,Draft,
2026-02-13,18:00,Instagram,Love & Art,Call to visit the gallery,"🏛️ Have you visited the gallery recently? Drop by and experience our “Love & Art” artworks in person. Admission is affordable, inspiration is free. #VisitTheGallery #SupportTheArts",Post,,,Draft,
2026-02-13,10:00,Facebook,Love & Art,Call to visit the gallery,"🏛️ Have you visited the gallery recently? Drop by and experience our “Love & Art” artworks in person. Admission is affordable, inspiration is free. #VisitTheGallery #SupportTheArts",Post,,,Draft,
2026-02-14,18:00,Instagram,Love & Art,Community shout-out,🤝 Community shout-out! Today we’re thanking everyone who helps keep Kokomo’s arts scene thriving—from volunteers to visitors. Our “Love & Art” focus is stronger with you. #CommunityLove #KokomoArts,Post,,,Draft,
2026-02-14,10:00,Facebook,Love & Art,Community shout-out,🤝 Community shout-out! Today we’re thanking everyone who helps keep Kokomo’s arts scene thriving—from volunteers to visitors. Our “Love & Art” focus is stronger with you. #CommunityLove #KokomoArts,Post,,,Draft,
2026-02-15,18:00,Instagram,Love & Art,Prompt for followers,🖌️ Creative prompt: make something today inspired by “Love & Art.” Share a photo and tag Kokomo Art Association so we can cheer you on! #ArtPrompt #MakeMoreArt,Post,,,Draft,
2026-02-15,10:00,Facebook,Love & Art,Prompt for followers,🖌️ Creative prompt: make something today inspired by “Love & Art.” Share a photo and tag Kokomo Art Association so we can cheer you on! #ArtPrompt #MakeMoreArt,Post,,,Draft,
2026-02-16,18:00,Instagram,Love & Art,Daily art highlight,✨ Daily art moment from Kokomo Art Association! Today we’re celebrating our “Love & Art” theme with a featured piece or story from the local art community. Share what it makes you feel. #KokomoArt #DailyArt,Post,,,Draft,
2026-02-16,10:00,Facebook,Love & Art,Daily art highlight,✨ Daily art moment from Kokomo Art Association! Today we’re celebrating our “Love & Art” theme with a featured piece or story from the local art community. Share what it makes you feel. #KokomoArt #DailyArt,Post,,,Draft,
2026-02-17,18:00,Instagram,Love & Art,Behind-the-scenes snapshot,"🧵 Behind the scenes at Kokomo Art Association—prep, planning, and plenty of paint. Our “Love & Art” focus keeps us inspired every day. #BehindTheScenes #GalleryLife",Post,,,Draft,
2026-02-17,10:00,Facebook,Love & Art,Behind-the-scenes snapshot,"🧵 Behind the scenes at Kokomo Art Association—prep, planning, and plenty of paint. Our “Love & Art” focus keeps us inspired every day. #BehindTheScenes #GalleryLife",Post,,,Draft,
2026-02-18,18:00,Instagram,Love & Art,Artist quote of the day,💬 Art quote of the day: let this little spark of wisdom fuel your creativity. Our “Love & Art” theme is all about staying inspired. What are you working on? #ArtQuote #CreativeCommunity,Post,,,Draft,
2026-02-18,10:00,Facebook,Love & Art,Artist quote of the day,💬 Art quote of the day: let this little spark of wisdom fuel your creativity. Our “Love & Art” theme is all about staying inspired. What are you working on? #ArtQuote #CreativeCommunity,Post,,,Draft,
2026-02-19,18:00,Instagram,Love & Art,Share the story of an artist inspired by love,"💌 Meet Sarah, whose latest series was inspired by the simple gestures of love she observes in everyday life. Her work reminds us that art and affection go hand in hand. #ArtistSpotlight #InspiredByLove",Post,,,Draft,
2026-02-19,10:00,Facebook,Love & Art,Share the story of an artist inspired by love,"💌 Meet Sarah, whose latest series was inspired by the simple gestures of love she observes in everyday life. Her work reminds us that art and affection go hand in hand. #ArtistSpotlight #InspiredByLove",Post,,,Draft,
2026-02-20,18:00,Instagram,Love & Art,Call to visit the gallery,"🏛️ Have you visited the gallery recently? Drop by and experience our “Love & Art” artworks in person. Admission is affordable, inspiration is free. #VisitTheGallery #SupportTheArts",Post,,,Draft,
2026-02-20,10:00,Facebook,Love & Art,Call to visit the gallery,"🏛️ Have you visited the gallery recently? Drop by and experience our “Love & Art” artworks in person. Admission is affordable, inspiration is free. #VisitTheGallery #SupportTheArts",Post,,,Draft,
2026-02-21,18:00,Instagram,Love & Art,Community shout-out,🤝 Community shout-out! Today we’re thanking everyone who helps keep Kokomo’s arts scene thriving—from volunteers to visitors. Our “Love & Art” focus is stronger with you. #CommunityLove #KokomoArts,Post,,,Draft,
2026-02-21,10:00,Facebook,Love & Art,Community shout-out,🤝 Community shout-out! Today we’re thanking everyone who helps keep Kokomo’s arts scene thriving—from volunteers to visitors. Our “Love & Art” focus is stronger with you. #CommunityLove #KokomoArts,Post,,,Draft,
2026-02-22,18:00,Instagram,Love & Art,Prompt for followers,🖌️ Creative prompt: make something today inspired by “Love & Art.” Share a photo and tag Kokomo Art Association so we can cheer you on! #ArtPrompt #MakeMoreArt,Post,,,Draft,
2026-02-22,10:00,Facebook,Love & Art,Prompt for followers,🖌️ Creative prompt: make something today inspired by “Love & Art.” Share a photo and tag Kokomo Art Association so we can cheer you on! #ArtPrompt #MakeMoreArt,Post,,,Draft,
2026-02-23,18:00,Instagram,Love & Art,Daily art highlight,✨ Daily art moment from Kokomo Art Association! Today we’re celebrating our “Love & Art” theme with a featured piece or story from the local art community. Share what it makes you feel. #KokomoArt #DailyArt,Post,,,Draft,
2026-02-23,10:00,Facebook,Love & Art,Daily art highlight,✨ Daily art moment from Kokomo Art Association! Today we’re celebrating our “Love & Art” theme with a featured piece or story from the local art community. Share what it makes you feel. #KokomoArt #DailyArt,Post,,,Draft,
2026-02-24,18:00,Instagram,Love & Art,Behind-the-scenes snapshot,"🧵 Behind the scenes at Kokomo Art Association—prep, planning, and plenty of paint. Our “Love & Art” focus keeps us inspired every day. #BehindTheScenes #GalleryLife",Post,,,Draft,
2026-02-24,10:00,Facebook,Love & Art,Behind-the-scenes snapshot,"🧵 Behind the scenes at Kokomo Art Association—prep, planning, and plenty of paint. Our “Love & Art” focus keeps us inspired every day. #BehindTheScenes #GalleryLife",Post,,,Draft,
2026-02-25,18:00,Instagram,Love & Art,Artist quote of the day,💬 Art quote of the day: let this little spark of wisdom fuel your creativity. Our “Love & Art” theme is all about staying inspired. What are you working on? #ArtQuote #CreativeCommunity,Post,,,Draft,
2026-02-25,10:00,Facebook,Love & Art,Artist quote of the day,💬 Art quote of the day: let this little spark of wisdom fuel your creativity. Our “Love & Art” theme is all about staying inspired. What are you working on? #ArtQuote #CreativeCommunity,Post,,,Draft,
2026-02-26,18:00,Instagram,Love & Art,Invite followers to a Valentine’s Day workshop,🌹 Looking for a heartfelt gift? Join our Valentine’s Day art workshop and create something special for your loved one. Spots are limited—reserve yours today! #ValentineWorkshop #DIYArt,Post,,,Draft,
2026-02-26,10:00,Facebook,Love & Art,Invite followers to a Valentine’s Day workshop,🌹 Looking for a heartfelt gift? Join our Valentine’s Day art workshop and create something special for your loved one. Spots are limited—reserve yours today! #ValentineWorkshop #DIYArt,Post,,,Draft,
2026-02-27,18:00,Instagram,Love & Art,Call to visit the gallery,"🏛️ Have you visited the gallery recently? Drop by and experience our “Love & Art” artworks in person. Admission is affordable, inspiration is free. #VisitTheGallery #SupportTheArts",Post,,,Draft,
2026-02-27,10:00,Facebook,Love & Art,Call to visit the gallery,"🏛️ Have you visited the gallery recently? Drop by and experience our “Love & Art” artworks in person. Admission is affordable, inspiration is free. #VisitTheGallery #SupportTheArts",Post,,,Draft,
2026-02-28,18:00,Instagram,Love & Art,Community shout-out,🤝 Community shout-out! Today we’re thanking everyone who helps keep Kokomo’s arts scene thriving—from volunteers to visitors. Our “Love & Art” focus is stronger with you. #CommunityLove #KokomoArts,Post,,,Draft,
2026-02-28,10:00,Facebook,Love & Art,Community shout-out,🤝 Community shout-out! Today we’re thanking everyone who helps keep Kokomo’s arts scene thriving—from volunteers to visitors. Our “Love & Art” focus is stronger with you. #CommunityLove #KokomoArts,Post,,,Draft,
2026-03-01,18:00,Instagram,Women in Art & Emerging Artists,Prompt for followers,🖌️ Creative prompt: make something today inspired by “Women in Art & Emerging Artists.” Share a photo and tag Kokomo Art Association so we can cheer you on! #ArtPrompt #MakeMoreArt,Post,,,Draft,
2026-03-01,10:00,Facebook,Women in Art & Emerging Artists,Prompt for followers,🖌️ Creative prompt: make something today inspired by “Women in Art & Emerging Artists.” Share a photo and tag Kokomo Art Association so we can cheer you on! #ArtPrompt #MakeMoreArt,Post,,,Draft,
2026-03-02,18:00,Instagram,Women in Art & Emerging Artists,Daily art highlight,✨ Daily art moment from Kokomo Art Association! Today we’re celebrating our “Women in Art & Emerging Artists” theme with a featured piece or story from the local art community. Share what it makes you feel. #KokomoArt #DailyArt,Post,,,Draft,
2026-03-02,10:00,Facebook,Women in Art & Emerging Artists,Daily art highlight,✨ Daily art moment from Kokomo Art Association! Today we’re celebrating our “Women in Art & Emerging Artists” theme with a featured piece or story from the local art community. Share what it makes you feel. #KokomoArt #DailyArt,Post,,,Draft,
2026-03-03,18:00,Instagram,Women in Art & Emerging Artists,Behind-the-scenes snapshot,"🧵 Behind the scenes at Kokomo Art Association—prep, planning, and plenty of paint. Our “Women in Art & Emerging Artists” focus keeps us inspired every day. #BehindTheScenes #GalleryLife",Post,,,Draft,
2026-03-03,10:00,Facebook,Women in Art & Emerging Artists,Behind-the-scenes snapshot,"🧵 Behind the scenes at Kokomo Art Association—prep, planning, and plenty of paint. Our “Women in Art & Emerging Artists” focus keeps us inspired every day. #BehindTheScenes #GalleryLife",Post,,,Draft,
2026-03-04,18:00,Instagram,Women in Art & Emerging Artists,Artist quote of the day,💬 Art quote of the day: let this little spark of wisdom fuel your creativity. Our “Women in Art & Emerging Artists” theme is all about staying inspired. What are you working on? #ArtQuote #CreativeCommunity,Post,,,Draft,
2026-03-04,10:00,Facebook,Women in Art & Emerging Artists,Artist quote of the day,💬 Art quote of the day: let this little spark of wisdom fuel your creativity. Our “Women in Art & Emerging Artists” theme is all about staying inspired. What are you working on? #ArtQuote #CreativeCommunity,Post,,,Draft,
2026-03-05,18:00,Instagram,Women in Art & Emerging Artists,Celebrate International Women’s Day by highlighting female artists,👩‍🎨 Happy International Women’s Day! Today we celebrate the incredible women artists who enrich our community with their vision and talent. Drop a 🎨 to show your support! #WomensDay #WomenArtists,Post,,,Draft,
2026-03-05,10:00,Facebook,Women in Art & Emerging Artists,Celebrate International Women’s Day by highlighting female artists,👩‍🎨 Happy International Women’s Day! Today we celebrate the incredible women artists who enrich our community with their vision and talent. Drop a 🎨 to show your support! #WomensDay #WomenArtists,Post,,,Draft,
2026-03-06,18:00,Instagram,Women in Art & Emerging Artists,Call to visit the gallery,"🏛️ Have you visited the gallery recently? Drop by and experience our “Women in Art & Emerging Artists” artworks in person. Admission is affordable, inspiration is free. #VisitTheGallery #SupportTheArts",Post,,,Draft,
2026-03-06,10:00,Facebook,Women in Art & Emerging Artists,Call to visit the gallery,"🏛️ Have you visited the gallery recently? Drop by and experience our “Women in Art & Emerging Artists” artworks in person. Admission is affordable, inspiration is free. #VisitTheGallery #SupportTheArts",Post,,,Draft,
2026-03-07,18:00,Instagram,Women in Art & Emerging Artists,Community shout-out,🤝 Community shout-out! Today we’re thanking everyone who helps keep Kokomo’s arts scene thriving—from volunteers to visitors. Our “Women in Art & Emerging Artists” focus is stronger with you. #CommunityLove #KokomoArts,Post,,,Draft,
2026-03-07,10:00,Facebook,Women in Art & Emerging Artists,Community shout-out,🤝 Community shout-out! Today we’re thanking everyone who helps keep Kokomo’s arts scene thriving—from volunteers to visitors. Our “Women in Art & Emerging Artists” focus is stronger with you. #CommunityLove #KokomoArts,Post,,,Draft,
2026-03-08,18:00,Instagram,Women in Art & Emerging Artists,Prompt for followers,🖌️ Creative prompt: make something today inspired by “Women in Art & Emerging Artists.” Share a photo and tag Kokomo Art Association so we can cheer you on! #ArtPrompt #MakeMoreArt,Post,,,Draft,
2026-03-08,10:00,Facebook,Women in Art & Emerging Artists,Prompt for followers,🖌️ Creative prompt: make something today inspired by “Women in Art & Emerging Artists.” Share a photo and tag Kokomo Art Association so we can cheer you on! #ArtPrompt #MakeMoreArt,Post,,,Draft,
2026-03-09,18:00,Instagram,Women in Art & Emerging Artists,Daily art highlight,✨ Daily art moment from Kokomo Art Association! Today we’re celebrating our “Women in Art & Emerging Artists” theme with a featured piece or story from the local art community. Share what it makes you feel. #KokomoArt #DailyArt,Post,,,Draft,
2026-03-09,10:00,Facebook,Women in Art & Emerging Artists,Daily art highlight,✨ Daily art moment from Kokomo Art Association! Today we’re celebrating our “Women in Art & Emerging Artists” theme with a featured piece or story from the local art community. Share what it makes you feel. #KokomoArt #DailyArt,Post,,,Draft,
2026-03-10,18:00,Instagram,Women in Art & Emerging Artists,Behind-the-scenes snapshot,"🧵 Behind the scenes at Kokomo Art Association—prep, planning, and plenty of paint. Our “Women in Art & Emerging Artists” focus keeps us inspired every day. #BehindTheScenes #GalleryLife",Post,,,Draft,
2026-03-10,10:00,Facebook,Women in Art & Emerging Artists,Behind-the-scenes snapshot,"🧵 Behind the scenes at Kokomo Art Association—prep, planning, and plenty of paint. Our “Women in Art & Emerging Artists” focus keeps us inspired every day. #BehindTheScenes #GalleryLife",Post,,,Draft,
2026-03-11,18:00,Instagram,Women in Art & Emerging Artists,Artist quote of the day,💬 Art quote of the day: let this little spark of wisdom fuel your creativity. Our “Women in Art & Emerging Artists” theme is all about staying inspired. What are you working on? #ArtQuote #CreativeCommunity,Post,,,Draft,
2026-03-11,10:00,Facebook,Women in Art & Emerging Artists,Artist quote of the day,💬 Art quote of the day: let this little spark of wisdom fuel your creativity. Our “Women in Art & Emerging Artists” theme is all about staying inspired. What are you working on? #ArtQuote #CreativeCommunity,Post,,,Draft,
2026-03-12,18:00,Instagram,Women in Art & Emerging Artists,Promote an exhibition featuring emerging artists,"🌱 Fresh talent alert! Our Emerging Artists Exhibition opens this month, showcasing the innovative work of up-and-coming creators. Come discover your new favorite artist. #EmergingArtists #SupportLocal",Post,,,Draft,
2026-03-12,10:00,Facebook,Women in Art & Emerging Artists,Promote an exhibition featuring emerging artists,"🌱 Fresh talent alert! Our Emerging Artists Exhibition opens this month, showcasing the innovative work of up-and-coming creators. Come discover your new favorite artist. #EmergingArtists #SupportLocal",Post,,,Draft,
2026-03-13,18:00,Instagram,Women in Art & Emerging Artists,Call to visit the gallery,"🏛️ Have you visited the gallery recently? Drop by and experience our “Women in Art & Emerging Artists” artworks in person. Admission is affordable, inspiration is free. #VisitTheGallery #SupportTheArts",Post,,,Draft,
2026-03-13,10:00,Facebook,Women in Art & Emerging Artists,Call to visit the gallery,"🏛️ Have you visited the gallery recently? Drop by and experience our “Women in Art & Emerging Artists” artworks in person. Admission is affordable, inspiration is free. #VisitTheGallery #SupportTheArts",Post,,,Draft,
2026-03-14,18:00,Instagram,Women in Art & Emerging Artists,Community shout-out,🤝 Community shout-out! Today we’re thanking everyone who helps keep Kokomo’s arts scene thriving—from volunteers to visitors. Our “Women in Art & Emerging Artists” focus is stronger with you. #CommunityLove #KokomoArts,Post,,,Draft,
2026-03-14,10:00,Facebook,Women in Art & Emerging Artists,Community shout-out,🤝 Community shout-out! Today we’re thanking everyone who helps keep Kokomo’s arts scene thriving—from volunteers to visitors. Our “Women in Art & Emerging Artists” focus is stronger with you. #CommunityLove #KokomoArts,Post,,,Draft,
2026-03-15,18:00,Instagram,Women in Art & Emerging Artists,Prompt for followers,🖌️ Creative prompt: make something today inspired by “Women in Art & Emerging Artists.” Share a photo and tag Kokomo Art Association so we can cheer you on! #ArtPrompt #MakeMoreArt,Post,,,Draft,
2026-03-15,10:00,Facebook,Women in Art & Emerging Artists,Prompt for followers,🖌️ Creative prompt: make something today inspired by “Women in Art & Emerging Artists.” Share a photo and tag Kokomo Art Association so we can cheer you on! #ArtPrompt #MakeMoreArt,Post,,,Draft,
2026-03-16,18:00,Instagram,Women in Art & Emerging Artists,Daily art highlight,✨ Daily art moment from Kokomo Art Association! Today we’re celebrating our “Women in Art & Emerging Artists” theme with a featured piece or story from the local art community. Share what it makes you feel. #KokomoArt #DailyArt,Post,,,Draft,
2026-03-16,10:00,Facebook,Women in Art & Emerging Artists,Daily art highlight,✨ Daily art moment from Kokomo Art Association! Today we’re celebrating our “Women in Art & Emerging Artists” theme with a featured piece or story from the local art community. Share what it makes you feel. #KokomoArt #DailyArt,Post,,,Draft,
2026-03-17,18:00,Instagram,Women in Art & Emerging Artists,Behind-the-scenes snapshot,"🧵 Behind the scenes at Kokomo Art Association—prep, planning, and plenty of paint. Our “Women in Art & Emerging Artists” focus keeps us inspired every day. #BehindTheScenes #GalleryLife",Post,,,Draft,
2026-03-17,10:00,Facebook,Women in Art & Emerging Artists,Behind-the-scenes snapshot,"🧵 Behind the scenes at Kokomo Art Association—prep, planning, and plenty of paint. Our “Women in Art & Emerging Artists” focus keeps us inspired every day. #BehindTheScenes #GalleryLife",Post,,,Draft,
2026-03-18,18:00,Instagram,Women in Art & Emerging Artists,Artist quote of the day,💬 Art quote of the day: let this little spark of wisdom fuel your creativity. Our “Women in Art & Emerging Artists” theme is all about staying inspired. What are you working on? #ArtQuote #CreativeCommunity,Post,,,Draft,
2026-03-18,10:00,Facebook,Women in Art & Emerging Artists,Artist quote of the day,💬 Art quote of the day: let this little spark of wisdom fuel your creativity. Our “Women in Art & Emerging Artists” theme is all about staying inspired. What are you working on? #ArtQuote #CreativeCommunity,Post,,,Draft,
2026-03-19,18:00,Instagram,Women in Art & Emerging Artists,Share a call for submissions for new artists,"📢 Calling all artists! We’re accepting submissions for our spring showcase. If you’re an emerging artist looking for a platform, we’d love to see your work. Apply via our website! #CallForArtists #KokomoArt",Post,,,Draft,
2026-03-19,10:00,Facebook,Women in Art & Emerging Artists,Share a call for submissions for new artists,"📢 Calling all artists! We’re accepting submissions for our spring showcase. If you’re an emerging artist looking for a platform, we’d love to see your work. Apply via our website! #CallForArtists #KokomoArt",Post,,,Draft,
2026-03-20,18:00,Instagram,Women in Art & Emerging Artists,Call to visit the gallery,"🏛️ Have you visited the gallery recently? Drop by and experience our “Women in Art & Emerging Artists” artworks in person. Admission is affordable, inspiration is free. #VisitTheGallery #SupportTheArts",Post,,,Draft,
2026-03-20,10:00,Facebook,Women in Art & Emerging Artists,Call to visit the gallery,"🏛️ Have you visited the gallery recently? Drop by and experience our “Women in Art & Emerging Artists” artworks in person. Admission is affordable, inspiration is free. #VisitTheGallery #SupportTheArts",Post,,,Draft,
2026-03-21,18:00,Instagram,Women in Art & Emerging Artists,Community shout-out,🤝 Community shout-out! Today we’re thanking everyone who helps keep Kokomo’s arts scene thriving—from volunteers to visitors. Our “Women in Art & Emerging Artists” focus is stronger with you. #CommunityLove #KokomoArts,Post,,,Draft,
2026-03-21,10:00,Facebook,Women in Art & Emerging Artists,Community shout-out,🤝 Community shout-out! Today we’re thanking everyone who helps keep Kokomo’s arts scene thriving—from volunteers to visitors. Our “Women in Art & Emerging Artists” focus is stronger with you. #CommunityLove #KokomoArts,Post,,,Draft,
2026-03-22,18:00,Instagram,Women in Art & Emerging Artists,Prompt for followers,🖌️ Creative prompt: make something today inspired by “Women in Art & Emerging Artists.” Share a photo and tag Kokomo Art Association so we can cheer you on! #ArtPrompt #MakeMoreArt,Post,,,Draft,
2026-03-22,10:00,Facebook,Women in Art & Emerging Artists,Prompt for followers,🖌️ Creative prompt: make something today inspired by “Women in Art & Emerging Artists.” Share a photo and tag Kokomo Art Association so we can cheer you on! #ArtPrompt #MakeMoreArt,Post,,,Draft,
2026-03-23,18:00,Instagram,Women in Art & Emerging Artists,Daily art highlight,✨ Daily art moment from Kokomo Art Association! Today we’re celebrating our “Women in Art & Emerging Artists” theme with a featured piece or story from the local art community. Share what it makes you feel. #KokomoArt #DailyArt,Post,,,Draft,
2026-03-23,10:00,Facebook,Women in Art & Emerging Artists,Daily art highlight,✨ Daily art moment from Kokomo Art Association! Today we’re celebrating our “Women in Art & Emerging Artists” theme with a featured piece or story from the local art community. Share what it makes you feel. #KokomoArt #DailyArt,Post,,,Draft,
2026-03-24,18:00,Instagram,Women in Art & Emerging Artists,Behind-the-scenes snapshot,"🧵 Behind the scenes at Kokomo Art Association—prep, planning, and plenty of paint. Our “Women in Art & Emerging Artists” focus keeps us inspired every day. #BehindTheScenes #GalleryLife",Post,,,Draft,
2026-03-24,10:00,Facebook,Women in Art & Emerging Artists,Behind-the-scenes snapshot,"🧵 Behind the scenes at Kokomo Art Association—prep, planning, and plenty of paint. Our “Women in Art & Emerging Artists” focus keeps us inspired every day. #BehindTheScenes #GalleryLife",Post,,,Draft,
2026-03-25,18:00,Instagram,Women in Art & Emerging Artists,Artist quote of the day,💬 Art quote of the day: let this little spark of wisdom fuel your creativity. Our “Women in Art & Emerging Artists” theme is all about staying inspired. What are you working on? #ArtQuote #CreativeCommunity,Post,,,Draft,
2026-03-25,10:00,Facebook,Women in Art & Emerging Artists,Artist quote of the day,💬 Art quote of the day: let this little spark of wisdom fuel your creativity. Our “Women in Art & Emerging Artists” theme is all about staying inspired. What are you working on? #ArtQuote #CreativeCommunity,Post,,,Draft,
2026-03-26,18:00,Instagram,Women in Art & Emerging Artists,Feature a female artist’s journey and achievements,🌟 Artist spotlight: Linda’s journey from hobbyist to gallery favorite is nothing short of inspiring. Her dedication shows what’s possible when passion meets perseverance. #ArtistJourney #Inspiration,Post,,,Draft,
2026-03-26,10:00,Facebook,Women in Art & Emerging Artists,Feature a female artist’s journey and achievements,🌟 Artist spotlight: Linda’s journey from hobbyist to gallery favorite is nothing short of inspiring. Her dedication shows what’s possible when passion meets perseverance. #ArtistJourney #Inspiration,Post,,,Draft,
2026-03-27,18:00,Instagram,Women in Art & Emerging Artists,Call to visit the gallery,"🏛️ Have you visited the gallery recently? Drop by and experience our “Women in Art & Emerging Artists” artworks in person. Admission is affordable, inspiration is free. #VisitTheGallery #SupportTheArts",Post,,,Draft,
2026-03-27,10:00,Facebook,Women in Art & Emerging Artists,Call to visit the gallery,"🏛️ Have you visited the gallery recently? Drop by and experience our “Women in Art & Emerging Artists” artworks in person. Admission is affordable, inspiration is free. #VisitTheGallery #SupportTheArts",Post,,,Draft,
2026-03-28,18:00,Instagram,Women in Art & Emerging Artists,Community shout-out,🤝 Community shout-out! Today we’re thanking everyone who helps keep Kokomo’s arts scene thriving—from volunteers to visitors. Our “Women in Art & Emerging Artists” focus is stronger with you. #CommunityLove #KokomoArts,Post,,,Draft,
2026-03-28,10:00,Facebook,Women in Art & Emerging Artists,Community shout-out,🤝 Community shout-out! Today we’re thanking everyone who helps keep Kokomo’s arts scene thriving—from volunteers to visitors. Our “Women in Art & Emerging Artists” focus is stronger with you. #CommunityLove #KokomoArts,Post,,,Draft,
2026-03-29,18:00,Instagram,Women in Art & Emerging Artists,Prompt for followers,🖌️ Creative prompt: make something today inspired by “Women in Art & Emerging Artists.” Share a photo and tag Kokomo Art Association so we can cheer you on! #ArtPrompt #MakeMoreArt,Post,,,Draft,
2026-03-29,10:00,Facebook,Women in Art & Emerging Artists,Prompt for followers,🖌️ Creative prompt: make something today inspired by “Women in Art & Emerging Artists.” Share a photo and tag Kokomo Art Association so we can cheer you on! #ArtPrompt #MakeMoreArt,Post,,,Draft,
2026-03-30,18:00,Instagram,Women in Art & Emerging Artists,Daily art highlight,✨ Daily art moment from Kokomo Art Association! Today we’re celebrating our “Women in Art & Emerging Artists” theme with a featured piece or story from the local art community. Share what it makes you feel. #KokomoArt #DailyArt,Post,,,Draft,
2026-03-30,10:00,Facebook,Women in Art & Emerging Artists,Daily art highlight,✨ Daily art moment from Kokomo Art Association! Today we’re celebrating our “Women in Art & Emerging Artists” theme with a featured piece or story from the local art community. Share what it makes you feel. #KokomoArt #DailyArt,Post,,,Draft,
2026-03-31,18:00,Instagram,Women in Art & Emerging Artists,Behind-the-scenes snapshot,"🧵 Behind the scenes at Kokomo Art Association—prep, planning, and plenty of paint. Our “Women in Art & Emerging Artists” focus keeps us inspired every day. #BehindTheScenes #GalleryLife",Post,,,Draft,
2026-03-31,10:00,Facebook,Women in Art & Emerging Artists,Behind-the-scenes snapshot,"🧵 Behind the scenes at Kokomo Art Association—prep, planning, and plenty of paint. Our “Women in Art & Emerging Artists” focus keeps us inspired every day. #BehindTheScenes #GalleryLife",Post,,,Draft,
2026-04-01,18:00,Instagram,Spring Exhibitions & Workshops,Artist quote of the day,💬 Art quote of the day: let this little spark of wisdom fuel your creativity. Our “Spring Exhibitions & Workshops” theme is all about staying inspired. What are you working on? #ArtQuote #CreativeCommunity,Post,,,Draft,
2026-04-01,10:00,Facebook,Spring Exhibitions & Workshops,Artist quote of the day,💬 Art quote of the day: let this little spark of wisdom fuel your creativity. Our “Spring Exhibitions & Workshops” theme is all about staying inspired. What are you working on? #ArtQuote #CreativeCommunity,Post,,,Draft,
2026-04-02,18:00,Instagram,Spring Exhibitions & Workshops,Throwback piece from past exhibits,📸 Throwback to a favorite past exhibit at Kokomo Art Association. Our “Spring Exhibitions & Workshops” theme reminds us how far our artists and community have come. #TBT #KokomoArtHistory,Post,,,Draft,
2026-04-02,10:00,Facebook,Spring Exhibitions & Workshops,Throwback piece from past exhibits,📸 Throwback to a favorite past exhibit at Kokomo Art Association. Our “Spring Exhibitions & Workshops” theme reminds us how far our artists and community have come. #TBT #KokomoArtHistory,Post,,,Draft,
2026-04-03,18:00,Instagram,Spring Exhibitions & Workshops,Call to visit the gallery,"🏛️ Have you visited the gallery recently? Drop by and experience our “Spring Exhibitions & Workshops” artworks in person. Admission is affordable, inspiration is free. #VisitTheGallery #SupportTheArts",Post,,,Draft,
2026-04-03,10:00,Facebook,Spring Exhibitions & Workshops,Call to visit the gallery,"🏛️ Have you visited the gallery recently? Drop by and experience our “Spring Exhibitions & Workshops” artworks in person. Admission is affordable, inspiration is free. #VisitTheGallery #SupportTheArts",Post,,,Draft,
2026-04-04,18:00,Instagram,Spring Exhibitions & Workshops,Community shout-out,🤝 Community shout-out! Today we’re thanking everyone who helps keep Kokomo’s arts scene thriving—from volunteers to visitors. Our “Spring Exhibitions & Workshops” focus is stronger with you. #CommunityLove #KokomoArts,Post,,,Draft,
2026-04-04,10:00,Facebook,Spring Exhibitions & Workshops,Community shout-out,🤝 Community shout-out! Today we’re thanking everyone who helps keep Kokomo’s arts scene thriving—from volunteers to visitors. Our “Spring Exhibitions & Workshops” focus is stronger with you. #CommunityLove #KokomoArts,Post,,,Draft,
2026-04-05,18:00,Instagram,Spring Exhibitions & Workshops,Announce the opening of the spring exhibition,"🌸 Spring has sprung at the gallery! Our Spring Exhibition opens today, featuring vibrant works that capture the season’s renewal. Come stroll through and feel inspired. #SpringExhibit #KokomoArt",Post,,,Draft,
2026-04-05,10:00,Facebook,Spring Exhibitions & Workshops,Announce the opening of the spring exhibition,"🌸 Spring has sprung at the gallery! Our Spring Exhibition opens today, featuring vibrant works that capture the season’s renewal. Come stroll through and feel inspired. #SpringExhibit #KokomoArt",Post,,,Draft,
2026-04-06,18:00,Instagram,Spring Exhibitions & Workshops,Daily art highlight,✨ Daily art moment from Kokomo Art Association! Today we’re celebrating our “Spring Exhibitions & Workshops” theme with a featured piece or story from the local art community. Share what it makes you feel. #KokomoArt #DailyArt,Post,,,Draft,
2026-04-06,10:00,Facebook,Spring Exhibitions & Workshops,Daily art highlight,✨ Daily art moment from Kokomo Art Association! Today we’re celebrating our “Spring Exhibitions & Workshops” theme with a featured piece or story from the local art community. Share what it makes you feel. #KokomoArt #DailyArt,Post,,,Draft,
2026-04-07,18:00,Instagram,Spring Exhibitions & Workshops,Behind-the-scenes snapshot,"🧵 Behind the scenes at Kokomo Art Association—prep, planning, and plenty of paint. Our “Spring Exhibitions & Workshops” focus keeps us inspired every day. #BehindTheScenes #GalleryLife",Post,,,Draft,
2026-04-07,10:00,Facebook,Spring Exhibitions & Workshops,Behind-the-scenes snapshot,"🧵 Behind the scenes at Kokomo Art Association—prep, planning, and plenty of paint. Our “Spring Exhibitions & Workshops” focus keeps us inspired every day. #BehindTheScenes #GalleryLife",Post,,,Draft,
2026-04-08,18:00,Instagram,Spring Exhibitions & Workshops,Artist quote of the day,💬 Art quote of the day: let this little spark of wisdom fuel your creativity. Our “Spring Exhibitions & Workshops” theme is all about staying inspired. What are you working on? #ArtQuote #CreativeCommunity,Post,,,Draft,
2026-04-08,10:00,Facebook,Spring Exhibitions & Workshops,Artist quote of the day,💬 Art quote of the day: let this little spark of wisdom fuel your creativity. Our “Spring Exhibitions & Workshops” theme is all about staying inspired. What are you working on? #ArtQuote #CreativeCommunity,Post,,,Draft,
2026-04-09,18:00,Instagram,Spring Exhibitions & Workshops,Throwback piece from past exhibits,📸 Throwback to a favorite past exhibit at Kokomo Art Association. Our “Spring Exhibitions & Workshops” theme reminds us how far our artists and community have come. #TBT #KokomoArtHistory,Post,,,Draft,
2026-04-09,10:00,Facebook,Spring Exhibitions & Workshops,Throwback piece from past exhibits,📸 Throwback to a favorite past exhibit at Kokomo Art Association. Our “Spring Exhibitions & Workshops” theme reminds us how far our artists and community have come. #TBT #KokomoArtHistory,Post,,,Draft,
2026-04-10,18:00,Instagram,Spring Exhibitions & Workshops,Call to visit the gallery,"🏛️ Have you visited the gallery recently? Drop by and experience our “Spring Exhibitions & Workshops” artworks in person. Admission is affordable, inspiration is free. #VisitTheGallery #SupportTheArts",Post,,,Draft,
2026-04-10,10:00,Facebook,Spring Exhibitions & Workshops,Call to visit the gallery,"🏛️ Have you visited the gallery recently? Drop by and experience our “Spring Exhibitions & Workshops” artworks in person. Admission is affordable, inspiration is free. #VisitTheGallery #SupportTheArts",Post,,,Draft,
2026-04-11,18:00,Instagram,Spring Exhibitions & Workshops,Community shout-out,🤝 Community shout-out! Today we’re thanking everyone who helps keep Kokomo’s arts scene thriving—from volunteers to visitors. Our “Spring Exhibitions & Workshops” focus is stronger with you. #CommunityLove #KokomoArts,Post,,,Draft,
2026-04-11,10:00,Facebook,Spring Exhibitions & Workshops,Community shout-out,🤝 Community shout-out! Today we’re thanking everyone who helps keep Kokomo’s arts scene thriving—from volunteers to visitors. Our “Spring Exhibitions & Workshops” focus is stronger with you. #CommunityLove #KokomoArts,Post,,,Draft,
2026-04-12,18:00,Instagram,Spring Exhibitions & Workshops,Show behind-the-scenes installation of new artwork,🛠️ Installation day! Our team is carefully positioning each piece to create an immersive experience. We can’t wait to share the finished show with you. #GalleryInstall #ArtExhibit,Post,,,Draft,
2026-04-12,10:00,Facebook,Spring Exhibitions & Workshops,Show behind-the-scenes installation of new artwork,🛠️ Installation day! Our team is carefully positioning each piece to create an immersive experience. We can’t wait to share the finished show with you. #GalleryInstall #ArtExhibit,Post,,,Draft,
2026-04-13,18:00,Instagram,Spring Exhibitions & Workshops,Daily art highlight,✨ Daily art moment from Kokomo Art Association! Today we’re celebrating our “Spring Exhibitions & Workshops” theme with a featured piece or story from the local art community. Share what it makes you feel. #KokomoArt #DailyArt,Post,,,Draft,
2026-04-13,10:00,Facebook,Spring Exhibitions & Workshops,Daily art highlight,✨ Daily art moment from Kokomo Art Association! Today we’re celebrating our “Spring Exhibitions & Workshops” theme with a featured piece or story from the local art community. Share what it makes you feel. #KokomoArt #DailyArt,Post,,,Draft,
2026-04-14,18:00,Instagram,Spring Exhibitions & Workshops,Behind-the-scenes snapshot,"🧵 Behind the scenes at Kokomo Art Association—prep, planning, and plenty of paint. Our “Spring Exhibitions & Workshops” focus keeps us inspired every day. #BehindTheScenes #GalleryLife",Post,,,Draft,
2026-04-14,10:00,Facebook,Spring Exhibitions & Workshops,Behind-the-scenes snapshot,"🧵 Behind the scenes at Kokomo Art Association—prep, planning, and plenty of paint. Our “Spring Exhibitions & Workshops” focus keeps us inspired every day. #BehindTheScenes #GalleryLife",Post,,,Draft,
2026-04-15,18:00,Instagram,Spring Exhibitions & Workshops,Artist quote of the day,💬 Art quote of the day: let this little spark of wisdom fuel your creativity. Our “Spring Exhibitions & Workshops” theme is all about staying inspired. What are you working on? #ArtQuote #CreativeCommunity,Post,,,Draft,
2026-04-15,10:00,Facebook,Spring Exhibitions & Workshops,Artist quote of the day,💬 Art quote of the day: let this little spark of wisdom fuel your creativity. Our “Spring Exhibitions & Workshops” theme is all about staying inspired. What are you working on? #ArtQuote #CreativeCommunity,Post,,,Draft,
2026-04-16,18:00,Instagram,Spring Exhibitions & Workshops,Throwback piece from past exhibits,📸 Throwback to a favorite past exhibit at Kokomo Art Association. Our “Spring Exhibitions & Workshops” theme reminds us how far our artists and community have come. #TBT #KokomoArtHistory,Post,,,Draft,
2026-04-16,10:00,Facebook,Spring Exhibitions & Workshops,Throwback piece from past exhibits,📸 Throwback to a favorite past exhibit at Kokomo Art Association. Our “Spring Exhibitions & Workshops” theme reminds us how far our artists and community have come. #TBT #KokomoArtHistory,Post,,,Draft,
2026-04-17,18:00,Instagram,Spring Exhibitions & Workshops,Call to visit the gallery,"🏛️ Have you visited the gallery recently? Drop by and experience our “Spring Exhibitions & Workshops” artworks in person. Admission is affordable, inspiration is free. #VisitTheGallery #SupportTheArts",Post,,,Draft,
2026-04-17,10:00,Facebook,Spring Exhibitions & Workshops,Call to visit the gallery,"🏛️ Have you visited the gallery recently? Drop by and experience our “Spring Exhibitions & Workshops” artworks in person. Admission is affordable, inspiration is free. #VisitTheGallery #SupportTheArts",Post,,,Draft,
2026-04-18,18:00,Instagram,Spring Exhibitions & Workshops,Community shout-out,🤝 Community shout-out! Today we’re thanking everyone who helps keep Kokomo’s arts scene thriving—from volunteers to visitors. Our “Spring Exhibitions & Workshops” focus is stronger with you. #CommunityLove #KokomoArts,Post,,,Draft,
2026-04-18,10:00,Facebook,Spring Exhibitions & Workshops,Community shout-out,🤝 Community shout-out! Today we’re thanking everyone who helps keep Kokomo’s arts scene thriving—from volunteers to visitors. Our “Spring Exhibitions & Workshops” focus is stronger with you. #CommunityLove #KokomoArts,Post,,,Draft,
2026-04-19,18:00,Instagram,Spring Exhibitions & Workshops,Promote upcoming spring art workshops,🎨 Want to learn a new technique? Our spring workshops cover everything from printmaking to plein-air painting. Reserve your spot and grow your skills! #ArtWorkshops #LearnArt,Post,,,Draft,
2026-04-19,10:00,Facebook,Spring Exhibitions & Workshops,Promote upcoming spring art workshops,🎨 Want to learn a new technique? Our spring workshops cover everything from printmaking to plein-air painting. Reserve your spot and grow your skills! #ArtWorkshops #LearnArt,Post,,,Draft,
2026-04-20,18:00,Instagram,Spring Exhibitions & Workshops,Daily art highlight,✨ Daily art moment from Kokomo Art Association! Today we’re celebrating our “Spring Exhibitions & Workshops” theme with a featured piece or story from the local art community. Share what it makes you feel. #KokomoArt #DailyArt,Post,,,Draft,
2026-04-20,10:00,Facebook,Spring Exhibitions & Workshops,Daily art highlight,✨ Daily art moment from Kokomo Art Association! Today we’re celebrating our “Spring Exhibitions & Workshops” theme with a featured piece or story from the local art community. Share what it makes you feel. #KokomoArt #DailyArt,Post,,,Draft,
2026-04-21,18:00,Instagram,Spring Exhibitions & Workshops,Behind-the-scenes snapshot,"🧵 Behind the scenes at Kokomo Art Association—prep, planning, and plenty of paint. Our “Spring Exhibitions & Workshops” focus keeps us inspired every day. #BehindTheScenes #GalleryLife",Post,,,Draft,
2026-04-21,10:00,Facebook,Spring Exhibitions & Workshops,Behind-the-scenes snapshot,"🧵 Behind the scenes at Kokomo Art Association—prep, planning, and plenty of paint. Our “Spring Exhibitions & Workshops” focus keeps us inspired every day. #BehindTheScenes #GalleryLife",Post,,,Draft,
2026-04-22,18:00,Instagram,Spring Exhibitions & Workshops,Artist quote of the day,💬 Art quote of the day: let this little spark of wisdom fuel your creativity. Our “Spring Exhibitions & Workshops” theme is all about staying inspired. What are you working on? #ArtQuote #CreativeCommunity,Post,,,Draft,
2026-04-22,10:00,Facebook,Spring Exhibitions & Workshops,Artist quote of the day,💬 Art quote of the day: let this little spark of wisdom fuel your creativity. Our “Spring Exhibitions & Workshops” theme is all about staying inspired. What are you working on? #ArtQuote #CreativeCommunity,Post,,,Draft,
2026-04-23,18:00,Instagram,Spring Exhibitions & Workshops,Throwback piece from past exhibits,📸 Throwback to a favorite past exhibit at Kokomo Art Association. Our “Spring Exhibitions & Workshops” theme reminds us how far our artists and community have come. #TBT #KokomoArtHistory,Post,,,Draft,
2026-04-23,10:00,Facebook,Spring Exhibitions & Workshops,Throwback piece from past exhibits,📸 Throwback to a favorite past exhibit at Kokomo Art Association. Our “Spring Exhibitions & Workshops” theme reminds us how far our artists and community have come. #TBT #KokomoArtHistory,Post,,,Draft,
2026-04-24,18:00,Instagram,Spring Exhibitions & Workshops,Call to visit the gallery,"🏛️ Have you visited the gallery recently? Drop by and experience our “Spring Exhibitions & Workshops” artworks in person. Admission is affordable, inspiration is free. #VisitTheGallery #SupportTheArts",Post,,,Draft,
2026-04-24,10:00,Facebook,Spring Exhibitions & Workshops,Call to visit the gallery,"🏛️ Have you visited the gallery recently? Drop by and experience our “Spring Exhibitions & Workshops” artworks in person. Admission is affordable, inspiration is free. #VisitTheGallery #SupportTheArts",Post,,,Draft,
2026-04-25,18:00,Instagram,Spring Exhibitions & Workshops,Community shout-out,🤝 Community shout-out! Today we’re thanking everyone who helps keep Kokomo’s arts scene thriving—from volunteers to visitors. Our “Spring Exhibitions & Workshops” focus is stronger with you. #CommunityLove #KokomoArts,Post,,,Draft,
2026-04-25,10:00,Facebook,Spring Exhibitions & Workshops,Community shout-out,🤝 Community shout-out! Today we’re thanking everyone who helps keep Kokomo’s arts scene thriving—from volunteers to visitors. Our “Spring Exhibitions & Workshops” focus is stronger with you. #CommunityLove #KokomoArts,Post,,,Draft,
2026-04-26,18:00,Instagram,Spring Exhibitions & Workshops,Highlight a community art event happening in April,"🧺 We’re teaming up with local artists for an outdoor art fair downtown this month. Support makers, enjoy live music, and soak up the spring vibes. See you there! #CommunityArt #ArtFair",Post,,,Draft,
2026-04-26,10:00,Facebook,Spring Exhibitions & Workshops,Highlight a community art event happening in April,"🧺 We’re teaming up with local artists for an outdoor art fair downtown this month. Support makers, enjoy live music, and soak up the spring vibes. See you there! #CommunityArt #ArtFair",Post,,,Draft,
2026-04-27,18:00,Instagram,Spring Exhibitions & Workshops,Daily art highlight,✨ Daily art moment from Kokomo Art Association! Today we’re celebrating our “Spring Exhibitions & Workshops” theme with a featured piece or story from the local art community. Share what it makes you feel. #KokomoArt #DailyArt,Post,,,Draft,
2026-04-27,10:00,Facebook,Spring Exhibitions & Workshops,Daily art highlight,✨ Daily art moment from Kokomo Art Association! Today we’re celebrating our “Spring Exhibitions & Workshops” theme with a featured piece or story from the local art community. Share what it makes you feel. #KokomoArt #DailyArt,Post,,,Draft,
2026-04-28,18:00,Instagram,Spring Exhibitions & Workshops,Behind-the-scenes snapshot,"🧵 Behind the scenes at Kokomo Art Association—prep, planning, and plenty of paint. Our “Spring Exhibitions & Workshops” focus keeps us inspired every day. #BehindTheScenes #GalleryLife",Post,,,Draft,
2026-04-28,10:00,Facebook,Spring Exhibitions & Workshops,Behind-the-scenes snapshot,"🧵 Behind the scenes at Kokomo Art Association—prep, planning, and plenty of paint. Our “Spring Exhibitions & Workshops” focus keeps us inspired every day. #BehindTheScenes #GalleryLife",Post,,,Draft,
2026-04-29,18:00,Instagram,Spring Exhibitions & Workshops,Artist quote of the day,💬 Art quote of the day: let this little spark of wisdom fuel your creativity. Our “Spring Exhibitions & Workshops” theme is all about staying inspired. What are you working on? #ArtQuote #CreativeCommunity,Post,,,Draft,
2026-04-29,10:00,Facebook,Spring Exhibitions & Workshops,Artist quote of the day,💬 Art quote of the day: let this little spark of wisdom fuel your creativity. Our “Spring Exhibitions & Workshops” theme is all about staying inspired. What are you working on? #ArtQuote #CreativeCommunity,Post,,,Draft,
2026-04-30,18:00,Instagram,Spring Exhibitions & Workshops,Throwback piece from past exhibits,📸 Throwback to a favorite past exhibit at Kokomo Art Association. Our “Spring Exhibitions & Workshops” theme reminds us how far our artists and community have come. #TBT #KokomoArtHistory,Post,,,Draft,
2026-04-30,10:00,Facebook,Spring Exhibitions & Workshops,Throwback piece from past exhibits,📸 Throwback to a favorite past exhibit at Kokomo Art Association. Our “Spring Exhibitions & Workshops” theme reminds us how far our artists and community have come. #TBT #KokomoArtHistory,Post,,,Draft,
2026-05-01,18:00,Instagram,Community Art & Public Murals,Call to visit the gallery,"🏛️ Have you visited the gallery recently? Drop by and experience our “Community Art & Public Murals” artworks in person. Admission is affordable, inspiration is free. #VisitTheGallery #SupportTheArts",Post,,,Draft,
2026-05-01,10:00,Facebook,Community Art & Public Murals,Call to visit the gallery,"🏛️ Have you visited the gallery recently? Drop by and experience our “Community Art & Public Murals” artworks in person. Admission is affordable, inspiration is free. #VisitTheGallery #SupportTheArts",Post,,,Draft,
2026-05-02,18:00,Instagram,Community Art & Public Murals,Community shout-out,🤝 Community shout-out! Today we’re thanking everyone who helps keep Kokomo’s arts scene thriving—from volunteers to visitors. Our “Community Art & Public Murals” focus is stronger with you. #CommunityLove #KokomoArts,Post,,,Draft,
2026-05-02,10:00,Facebook,Community Art & Public Murals,Community shout-out,🤝 Community shout-out! Today we’re thanking everyone who helps keep Kokomo’s arts scene thriving—from volunteers to visitors. Our “Community Art & Public Murals” focus is stronger with you. #CommunityLove #KokomoArts,Post,,,Draft,
2026-05-03,18:00,Instagram,Community Art & Public Murals,Prompt for followers,🖌️ Creative prompt: make something today inspired by “Community Art & Public Murals.” Share a photo and tag Kokomo Art Association so we can cheer you on! #ArtPrompt #MakeMoreArt,Post,,,Draft,
2026-05-03,10:00,Facebook,Community Art & Public Murals,Prompt for followers,🖌️ Creative prompt: make something today inspired by “Community Art & Public Murals.” Share a photo and tag Kokomo Art Association so we can cheer you on! #ArtPrompt #MakeMoreArt,Post,,,Draft,
2026-05-04,18:00,Instagram,Community Art & Public Murals,Daily art highlight,✨ Daily art moment from Kokomo Art Association! Today we’re celebrating our “Community Art & Public Murals” theme with a featured piece or story from the local art community. Share what it makes you feel. #KokomoArt #DailyArt,Post,,,Draft,
2026-05-04,10:00,Facebook,Community Art & Public Murals,Daily art highlight,✨ Daily art moment from Kokomo Art Association! Today we’re celebrating our “Community Art & Public Murals” theme with a featured piece or story from the local art community. Share what it makes you feel. #KokomoArt #DailyArt,Post,,,Draft,
2026-05-05,18:00,Instagram,Community Art & Public Murals,Showcase a community mural project,🎨 Have you seen the new mural on Main Street? It was created by local artists and volunteers to celebrate our city’s heritage. Swing by and take a selfie! #PublicArt #CommunityMural,Post,,,Draft,
2026-05-05,10:00,Facebook,Community Art & Public Murals,Showcase a community mural project,🎨 Have you seen the new mural on Main Street? It was created by local artists and volunteers to celebrate our city’s heritage. Swing by and take a selfie! #PublicArt #CommunityMural,Post,,,Draft,
2026-05-06,18:00,Instagram,Community Art & Public Murals,Artist quote of the day,💬 Art quote of the day: let this little spark of wisdom fuel your creativity. Our “Community Art & Public Murals” theme is all about staying inspired. What are you working on? #ArtQuote #CreativeCommunity,Post,,,Draft,
2026-05-06,10:00,Facebook,Community Art & Public Murals,Artist quote of the day,💬 Art quote of the day: let this little spark of wisdom fuel your creativity. Our “Community Art & Public Murals” theme is all about staying inspired. What are you working on? #ArtQuote #CreativeCommunity,Post,,,Draft,
2026-05-07,18:00,Instagram,Community Art & Public Murals,Throwback piece from past exhibits,📸 Throwback to a favorite past exhibit at Kokomo Art Association. Our “Community Art & Public Murals” theme reminds us how far our artists and community have come. #TBT #KokomoArtHistory,Post,,,Draft,
2026-05-07,10:00,Facebook,Community Art & Public Murals,Throwback piece from past exhibits,📸 Throwback to a favorite past exhibit at Kokomo Art Association. Our “Community Art & Public Murals” theme reminds us how far our artists and community have come. #TBT #KokomoArtHistory,Post,,,Draft,
2026-05-08,18:00,Instagram,Community Art & Public Murals,Call to visit the gallery,"🏛️ Have you visited the gallery recently? Drop by and experience our “Community Art & Public Murals” artworks in person. Admission is affordable, inspiration is free. #VisitTheGallery #SupportTheArts",Post,,,Draft,
2026-05-08,10:00,Facebook,Community Art & Public Murals,Call to visit the gallery,"🏛️ Have you visited the gallery recently? Drop by and experience our “Community Art & Public Murals” artworks in person. Admission is affordable, inspiration is free. #VisitTheGallery #SupportTheArts",Post,,,Draft,
2026-05-09,18:00,Instagram,Community Art & Public Murals,Community shout-out,🤝 Community shout-out! Today we’re thanking everyone who helps keep Kokomo’s arts scene thriving—from volunteers to visitors. Our “Community Art & Public Murals” focus is stronger with you. #CommunityLove #KokomoArts,Post,,,Draft,
2026-05-09,10:00,Facebook,Community Art & Public Murals,Community shout-out,🤝 Community shout-out! Today we’re thanking everyone who helps keep Kokomo’s arts scene thriving—from volunteers to visitors. Our “Community Art & Public Murals” focus is stronger with you. #CommunityLove #KokomoArts,Post,,,Draft,
2026-05-10,18:00,Instagram,Community Art & Public Murals,Prompt for followers,🖌️ Creative prompt: make something today inspired by “Community Art & Public Murals.” Share a photo and tag Kokomo Art Association so we can cheer you on! #ArtPrompt #MakeMoreArt,Post,,,Draft,
2026-05-10,10:00,Facebook,Community Art & Public Murals,Prompt for followers,🖌️ Creative prompt: make something today inspired by “Community Art & Public Murals.” Share a photo and tag Kokomo Art Association so we can cheer you on! #ArtPrompt #MakeMoreArt,Post,,,Draft,
2026-05-11,18:00,Instagram,Community Art & Public Murals,Daily art highlight,✨ Daily art moment from Kokomo Art Association! Today we’re celebrating our “Community Art & Public Murals” theme with a featured piece or story from the local art community. Share what it makes you feel. #KokomoArt #DailyArt,Post,,,Draft,
2026-05-11,10:00,Facebook,Community Art & Public Murals,Daily art highlight,✨ Daily art moment from Kokomo Art Association! Today we’re celebrating our “Community Art & Public Murals” theme with a featured piece or story from the local art community. Share what it makes you feel. #KokomoArt #DailyArt,Post,,,Draft,
2026-05-12,18:00,Instagram,Community Art & Public Murals,Call for volunteers for upcoming mural painting,🖌️ Love painting? We’re looking for volunteers to help with our next mural project. No experience required—just enthusiasm and a love for color! Sign up now. #VolunteerArt #MuralProject,Post,,,Draft,
2026-05-12,10:00,Facebook,Community Art & Public Murals,Call for volunteers for upcoming mural painting,🖌️ Love painting? We’re looking for volunteers to help with our next mural project. No experience required—just enthusiasm and a love for color! Sign up now. #VolunteerArt #MuralProject,Post,,,Draft,
2026-05-13,18:00,Instagram,Community Art & Public Murals,Artist quote of the day,💬 Art quote of the day: let this little spark of wisdom fuel your creativity. Our “Community Art & Public Murals” theme is all about staying inspired. What are you working on? #ArtQuote #CreativeCommunity,Post,,,Draft,
2026-05-13,10:00,Facebook,Community Art & Public Murals,Artist quote of the day,💬 Art quote of the day: let this little spark of wisdom fuel your creativity. Our “Community Art & Public Murals” theme is all about staying inspired. What are you working on? #ArtQuote #CreativeCommunity,Post,,,Draft,
2026-05-14,18:00,Instagram,Community Art & Public Murals,Throwback piece from past exhibits,📸 Throwback to a favorite past exhibit at Kokomo Art Association. Our “Community Art & Public Murals” theme reminds us how far our artists and community have come. #TBT #KokomoArtHistory,Post,,,Draft,
2026-05-14,10:00,Facebook,Community Art & Public Murals,Throwback piece from past exhibits,📸 Throwback to a favorite past exhibit at Kokomo Art Association. Our “Community Art & Public Murals” theme reminds us how far our artists and community have come. #TBT #KokomoArtHistory,Post,,,Draft,
2026-05-15,18:00,Instagram,Community Art & Public Murals,Call to visit the gallery,"🏛️ Have you visited the gallery recently? Drop by and experience our “Community Art & Public Murals” artworks in person. Admission is affordable, inspiration is free. #VisitTheGallery #SupportTheArts",Post,,,Draft,
2026-05-15,10:00,Facebook,Community Art & Public Murals,Call to visit the gallery,"🏛️ Have you visited the gallery recently? Drop by and experience our “Community Art & Public Murals” artworks in person. Admission is affordable, inspiration is free. #VisitTheGallery #SupportTheArts",Post,,,Draft,
2026-05-16,18:00,Instagram,Community Art & Public Murals,Community shout-out,🤝 Community shout-out! Today we’re thanking everyone who helps keep Kokomo’s arts scene thriving—from volunteers to visitors. Our “Community Art & Public Murals” focus is stronger with you. #CommunityLove #KokomoArts,Post,,,Draft,
2026-05-16,10:00,Facebook,Community Art & Public Murals,Community shout-out,🤝 Community shout-out! Today we’re thanking everyone who helps keep Kokomo’s arts scene thriving—from volunteers to visitors. Our “Community Art & Public Murals” focus is stronger with you. #CommunityLove #KokomoArts,Post,,,Draft,
2026-05-17,18:00,Instagram,Community Art & Public Murals,Prompt for followers,🖌️ Creative prompt: make something today inspired by “Community Art & Public Murals.” Share a photo and tag Kokomo Art Association so we can cheer you on! #ArtPrompt #MakeMoreArt,Post,,,Draft,
2026-05-17,10:00,Facebook,Community Art & Public Murals,Prompt for followers,🖌️ Creative prompt: make something today inspired by “Community Art & Public Murals.” Share a photo and tag Kokomo Art Association so we can cheer you on! #ArtPrompt #MakeMoreArt,Post,,,Draft,
2026-05-18,18:00,Instagram,Community Art & Public Murals,Daily art highlight,✨ Daily art moment from Kokomo Art Association! Today we’re celebrating our “Community Art & Public Murals” theme with a featured piece or story from the local art community. Share what it makes you feel. #KokomoArt #DailyArt,Post,,,Draft,
2026-05-18,10:00,Facebook,Community Art & Public Murals,Daily art highlight,✨ Daily art moment from Kokomo Art Association! Today we’re celebrating our “Community Art & Public Murals” theme with a featured piece or story from the local art community. Share what it makes you feel. #KokomoArt #DailyArt,Post,,,Draft,
2026-05-19,18:00,Instagram,Community Art & Public Murals,Feature before-and-after shots of a mural transformation,✨ Transformations like these make us proud! Swipe to see the blank wall before and the vibrant mural after. Huge thanks to everyone involved. #BeforeAndAfter #ArtInAction,Post,,,Draft,
2026-05-19,10:00,Facebook,Community Art & Public Murals,Feature before-and-after shots of a mural transformation,✨ Transformations like these make us proud! Swipe to see the blank wall before and the vibrant mural after. Huge thanks to everyone involved. #BeforeAndAfter #ArtInAction,Post,,,Draft,
2026-05-20,18:00,Instagram,Community Art & Public Murals,Artist quote of the day,💬 Art quote of the day: let this little spark of wisdom fuel your creativity. Our “Community Art & Public Murals” theme is all about staying inspired. What are you working on? #ArtQuote #CreativeCommunity,Post,,,Draft,
2026-05-20,10:00,Facebook,Community Art & Public Murals,Artist quote of the day,💬 Art quote of the day: let this little spark of wisdom fuel your creativity. Our “Community Art & Public Murals” theme is all about staying inspired. What are you working on? #ArtQuote #CreativeCommunity,Post,,,Draft,
2026-05-21,18:00,Instagram,Community Art & Public Murals,Throwback piece from past exhibits,📸 Throwback to a favorite past exhibit at Kokomo Art Association. Our “Community Art & Public Murals” theme reminds us how far our artists and community have come. #TBT #KokomoArtHistory,Post,,,Draft,
2026-05-21,10:00,Facebook,Community Art & Public Murals,Throwback piece from past exhibits,📸 Throwback to a favorite past exhibit at Kokomo Art Association. Our “Community Art & Public Murals” theme reminds us how far our artists and community have come. #TBT #KokomoArtHistory,Post,,,Draft,
2026-05-22,18:00,Instagram,Community Art & Public Murals,Call to visit the gallery,"🏛️ Have you visited the gallery recently? Drop by and experience our “Community Art & Public Murals” artworks in person. Admission is affordable, inspiration is free. #VisitTheGallery #SupportTheArts",Post,,,Draft,
2026-05-22,10:00,Facebook,Community Art & Public Murals,Call to visit the gallery,"🏛️ Have you visited the gallery recently? Drop by and experience our “Community Art & Public Murals” artworks in person. Admission is affordable, inspiration is free. #VisitTheGallery #SupportTheArts",Post,,,Draft,
2026-05-23,18:00,Instagram,Community Art & Public Murals,Community shout-out,🤝 Community shout-out! Today we’re thanking everyone who helps keep Kokomo’s arts scene thriving—from volunteers to visitors. Our “Community Art & Public Murals” focus is stronger with you. #CommunityLove #KokomoArts,Post,,,Draft,
2026-05-23,10:00,Facebook,Community Art & Public Murals,Community shout-out,🤝 Community shout-out! Today we’re thanking everyone who helps keep Kokomo’s arts scene thriving—from volunteers to visitors. Our “Community Art & Public Murals” focus is stronger with you. #CommunityLove #KokomoArts,Post,,,Draft,
2026-05-24,18:00,Instagram,Community Art & Public Murals,Prompt for followers,🖌️ Creative prompt: make something today inspired by “Community Art & Public Murals.” Share a photo and tag Kokomo Art Association so we can cheer you on! #ArtPrompt #MakeMoreArt,Post,,,Draft,
2026-05-24,10:00,Facebook,Community Art & Public Murals,Prompt for followers,🖌️ Creative prompt: make something today inspired by “Community Art & Public Murals.” Share a photo and tag Kokomo Art Association so we can cheer you on! #ArtPrompt #MakeMoreArt,Post,,,Draft,
2026-05-25,18:00,Instagram,Community Art & Public Murals,Daily art highlight,✨ Daily art moment from Kokomo Art Association! Today we’re celebrating our “Community Art & Public Murals” theme with a featured piece or story from the local art community. Share what it makes you feel. #KokomoArt #DailyArt,Post,,,Draft,
2026-05-25,10:00,Facebook,Community Art & Public Murals,Daily art highlight,✨ Daily art moment from Kokomo Art Association! Today we’re celebrating our “Community Art & Public Murals” theme with a featured piece or story from the local art community. Share what it makes you feel. #KokomoArt #DailyArt,Post,,,Draft,
2026-05-26,18:00,Instagram,Community Art & Public Murals,Share a story about the impact of public art on the community,"💬 “Every time I walk by this mural, it reminds me of our community’s creativity,” says a local resident. Public art isn’t just beautiful—it connects us. #PublicArtImpact #KokomoStories",Post,,,Draft,
2026-05-26,10:00,Facebook,Community Art & Public Murals,Share a story about the impact of public art on the community,"💬 “Every time I walk by this mural, it reminds me of our community’s creativity,” says a local resident. Public art isn’t just beautiful—it connects us. #PublicArtImpact #KokomoStories",Post,,,Draft,
2026-05-27,18:00,Instagram,Community Art & Public Murals,Artist quote of the day,💬 Art quote of the day: let this little spark of wisdom fuel your creativity. Our “Community Art & Public Murals” theme is all about staying inspired. What are you working on? #ArtQuote #CreativeCommunity,Post,,,Draft,
2026-05-27,10:00,Facebook,Community Art & Public Murals,Artist quote of the day,💬 Art quote of the day: let this little spark of wisdom fuel your creativity. Our “Community Art & Public Murals” theme is all about staying inspired. What are you working on? #ArtQuote #CreativeCommunity,Post,,,Draft,
2026-05-28,18:00,Instagram,Community Art & Public Murals,Throwback piece from past exhibits,📸 Throwback to a favorite past exhibit at Kokomo Art Association. Our “Community Art & Public Murals” theme reminds us how far our artists and community have come. #TBT #KokomoArtHistory,Post,,,Draft,
2026-05-28,10:00,Facebook,Community Art & Public Murals,Throwback piece from past exhibits,📸 Throwback to a favorite past exhibit at Kokomo Art Association. Our “Community Art & Public Murals” theme reminds us how far our artists and community have come. #TBT #KokomoArtHistory,Post,,,Draft,
2026-05-29,18:00,Instagram,Community Art & Public Murals,Call to visit the gallery,"🏛️ Have you visited the gallery recently? Drop by and experience our “Community Art & Public Murals” artworks in person. Admission is affordable, inspiration is free. #VisitTheGallery #SupportTheArts",Post,,,Draft,
2026-05-29,10:00,Facebook,Community Art & Public Murals,Call to visit the gallery,"🏛️ Have you visited the gallery recently? Drop by and experience our “Community Art & Public Murals” artworks in person. Admission is affordable, inspiration is free. #VisitTheGallery #SupportTheArts",Post,,,Draft,
2026-05-30,18:00,Instagram,Community Art & Public Murals,Community shout-out,🤝 Community shout-out! Today we’re thanking everyone who helps keep Kokomo’s arts scene thriving—from volunteers to visitors. Our “Community Art & Public Murals” focus is stronger with you. #CommunityLove #KokomoArts,Post,,,Draft,
2026-05-30,10:00,Facebook,Community Art & Public Murals,Community shout-out,🤝 Community shout-out! Today we’re thanking everyone who helps keep Kokomo’s arts scene thriving—from volunteers to visitors. Our “Community Art & Public Murals” focus is stronger with you. #CommunityLove #KokomoArts,Post,,,Draft,
2026-05-31,18:00,Instagram,Community Art & Public Murals,Prompt for followers,🖌️ Creative prompt: make something today inspired by “Community Art & Public Murals.” Share a photo and tag Kokomo Art Association so we can cheer you on! #ArtPrompt #MakeMoreArt,Post,,,Draft,
2026-05-31,10:00,Facebook,Community Art & Public Murals,Prompt for followers,🖌️ Creative prompt: make something today inspired by “Community Art & Public Murals.” Share a photo and tag Kokomo Art Association so we can cheer you on! #ArtPrompt #MakeMoreArt,Post,,,Draft,
2026-06-01,18:00,Instagram,Summer Arts Festival & Classes,Daily art highlight,✨ Daily art moment from Kokomo Art Association! Today we’re celebrating our “Summer Arts Festival & Classes” theme with a featured piece or story from the local art community. Share what it makes you feel. #KokomoArt #DailyArt,Post,,,Draft,
2026-06-01,10:00,Facebook,Summer Arts Festival & Classes,Daily art highlight,✨ Daily art moment from Kokomo Art Association! Today we’re celebrating our “Summer Arts Festival & Classes” theme with a featured piece or story from the local art community. Share what it makes you feel. #KokomoArt #DailyArt,Post,,,Draft,
2026-06-02,18:00,Instagram,Summer Arts Festival & Classes,Behind-the-scenes snapshot,"🧵 Behind the scenes at Kokomo Art Association—prep, planning, and plenty of paint. Our “Summer Arts Festival & Classes” focus keeps us inspired every day. #BehindTheScenes #GalleryLife",Post,,,Draft,
2026-06-02,10:00,Facebook,Summer Arts Festival & Classes,Behind-the-scenes snapshot,"🧵 Behind the scenes at Kokomo Art Association—prep, planning, and plenty of paint. Our “Summer Arts Festival & Classes” focus keeps us inspired every day. #BehindTheScenes #GalleryLife",Post,,,Draft,
2026-06-03,18:00,Instagram,Summer Arts Festival & Classes,Artist quote of the day,💬 Art quote of the day: let this little spark of wisdom fuel your creativity. Our “Summer Arts Festival & Classes” theme is all about staying inspired. What are you working on? #ArtQuote #CreativeCommunity,Post,,,Draft,
2026-06-03,10:00,Facebook,Summer Arts Festival & Classes,Artist quote of the day,💬 Art quote of the day: let this little spark of wisdom fuel your creativity. Our “Summer Arts Festival & Classes” theme is all about staying inspired. What are you working on? #ArtQuote #CreativeCommunity,Post,,,Draft,
2026-06-04,18:00,Instagram,Summer Arts Festival & Classes,Throwback piece from past exhibits,📸 Throwback to a favorite past exhibit at Kokomo Art Association. Our “Summer Arts Festival & Classes” theme reminds us how far our artists and community have come. #TBT #KokomoArtHistory,Post,,,Draft,
2026-06-04,10:00,Facebook,Summer Arts Festival & Classes,Throwback piece from past exhibits,📸 Throwback to a favorite past exhibit at Kokomo Art Association. Our “Summer Arts Festival & Classes” theme reminds us how far our artists and community have come. #TBT #KokomoArtHistory,Post,,,Draft,
2026-06-05,18:00,Instagram,Summer Arts Festival & Classes,Promote the summer arts festival and list key attractions,"☀️ Our Summer Arts Festival is right around the corner! Expect live performances, art vendors, food trucks, and hands-on activities. Mark your calendars! #SummerFestival #KokomoEvents",Post,,,Draft,
2026-06-05,10:00,Facebook,Summer Arts Festival & Classes,Promote the summer arts festival and list key attractions,"☀️ Our Summer Arts Festival is right around the corner! Expect live performances, art vendors, food trucks, and hands-on activities. Mark your calendars! #SummerFestival #KokomoEvents",Post,,,Draft,
2026-06-06,18:00,Instagram,Summer Arts Festival & Classes,Community shout-out,🤝 Community shout-out! Today we’re thanking everyone who helps keep Kokomo’s arts scene thriving—from volunteers to visitors. Our “Summer Arts Festival & Classes” focus is stronger with you. #CommunityLove #KokomoArts,Post,,,Draft,
2026-06-06,10:00,Facebook,Summer Arts Festival & Classes,Community shout-out,🤝 Community shout-out! Today we’re thanking everyone who helps keep Kokomo’s arts scene thriving—from volunteers to visitors. Our “Summer Arts Festival & Classes” focus is stronger with you. #CommunityLove #KokomoArts,Post,,,Draft,
2026-06-07,18:00,Instagram,Summer Arts Festival & Classes,Prompt for followers,🖌️ Creative prompt: make something today inspired by “Summer Arts Festival & Classes.” Share a photo and tag Kokomo Art Association so we can cheer you on! #ArtPrompt #MakeMoreArt,Post,,,Draft,
2026-06-07,10:00,Facebook,Summer Arts Festival & Classes,Prompt for followers,🖌️ Creative prompt: make something today inspired by “Summer Arts Festival & Classes.” Share a photo and tag Kokomo Art Association so we can cheer you on! #ArtPrompt #MakeMoreArt,Post,,,Draft,
2026-06-08,18:00,Instagram,Summer Arts Festival & Classes,Daily art highlight,✨ Daily art moment from Kokomo Art Association! Today we’re celebrating our “Summer Arts Festival & Classes” theme with a featured piece or story from the local art community. Share what it makes you feel. #KokomoArt #DailyArt,Post,,,Draft,
2026-06-08,10:00,Facebook,Summer Arts Festival & Classes,Daily art highlight,✨ Daily art moment from Kokomo Art Association! Today we’re celebrating our “Summer Arts Festival & Classes” theme with a featured piece or story from the local art community. Share what it makes you feel. #KokomoArt #DailyArt,Post,,,Draft,
2026-06-09,18:00,Instagram,Summer Arts Festival & Classes,Behind-the-scenes snapshot,"🧵 Behind the scenes at Kokomo Art Association—prep, planning, and plenty of paint. Our “Summer Arts Festival & Classes” focus keeps us inspired every day. #BehindTheScenes #GalleryLife",Post,,,Draft,
2026-06-09,10:00,Facebook,Summer Arts Festival & Classes,Behind-the-scenes snapshot,"🧵 Behind the scenes at Kokomo Art Association—prep, planning, and plenty of paint. Our “Summer Arts Festival & Classes” focus keeps us inspired every day. #BehindTheScenes #GalleryLife",Post,,,Draft,
2026-06-10,18:00,Instagram,Summer Arts Festival & Classes,Artist quote of the day,💬 Art quote of the day: let this little spark of wisdom fuel your creativity. Our “Summer Arts Festival & Classes” theme is all about staying inspired. What are you working on? #ArtQuote #CreativeCommunity,Post,,,Draft,
2026-06-10,10:00,Facebook,Summer Arts Festival & Classes,Artist quote of the day,💬 Art quote of the day: let this little spark of wisdom fuel your creativity. Our “Summer Arts Festival & Classes” theme is all about staying inspired. What are you working on? #ArtQuote #CreativeCommunity,Post,,,Draft,
2026-06-11,18:00,Instagram,Summer Arts Festival & Classes,Throwback piece from past exhibits,📸 Throwback to a favorite past exhibit at Kokomo Art Association. Our “Summer Arts Festival & Classes” theme reminds us how far our artists and community have come. #TBT #KokomoArtHistory,Post,,,Draft,
2026-06-11,10:00,Facebook,Summer Arts Festival & Classes,Throwback piece from past exhibits,📸 Throwback to a favorite past exhibit at Kokomo Art Association. Our “Summer Arts Festival & Classes” theme reminds us how far our artists and community have come. #TBT #KokomoArtHistory,Post,,,Draft,
2026-06-12,18:00,Instagram,Summer Arts Festival & Classes,Highlight art classes for kids and teens,"👧👦 Keep young minds creative this summer! Our kids and teens art classes offer fun, education, and a chance to make new friends. Register today. #YouthArt #SummerClasses",Post,,,Draft,
2026-06-12,10:00,Facebook,Summer Arts Festival & Classes,Highlight art classes for kids and teens,"👧👦 Keep young minds creative this summer! Our kids and teens art classes offer fun, education, and a chance to make new friends. Register today. #YouthArt #SummerClasses",Post,,,Draft,
2026-06-13,18:00,Instagram,Summer Arts Festival & Classes,Community shout-out,🤝 Community shout-out! Today we’re thanking everyone who helps keep Kokomo’s arts scene thriving—from volunteers to visitors. Our “Summer Arts Festival & Classes” focus is stronger with you. #CommunityLove #KokomoArts,Post,,,Draft,
2026-06-13,10:00,Facebook,Summer Arts Festival & Classes,Community shout-out,🤝 Community shout-out! Today we’re thanking everyone who helps keep Kokomo’s arts scene thriving—from volunteers to visitors. Our “Summer Arts Festival & Classes” focus is stronger with you. #CommunityLove #KokomoArts,Post,,,Draft,
2026-06-14,18:00,Instagram,Summer Arts Festival & Classes,Prompt for followers,🖌️ Creative prompt: make something today inspired by “Summer Arts Festival & Classes.” Share a photo and tag Kokomo Art Association so we can cheer you on! #ArtPrompt #MakeMoreArt,Post,,,Draft,
2026-06-14,10:00,Facebook,Summer Arts Festival & Classes,Prompt for followers,🖌️ Creative prompt: make something today inspired by “Summer Arts Festival & Classes.” Share a photo and tag Kokomo Art Association so we can cheer you on! #ArtPrompt #MakeMoreArt,Post,,,Draft,
2026-06-15,18:00,Instagram,Summer Arts Festival & Classes,Daily art highlight,✨ Daily art moment from Kokomo Art Association! Today we’re celebrating our “Summer Arts Festival & Classes” theme with a featured piece or story from the local art community. Share what it makes you feel. #KokomoArt #DailyArt,Post,,,Draft,
2026-06-15,10:00,Facebook,Summer Arts Festival & Classes,Daily art highlight,✨ Daily art moment from Kokomo Art Association! Today we’re celebrating our “Summer Arts Festival & Classes” theme with a featured piece or story from the local art community. Share what it makes you feel. #KokomoArt #DailyArt,Post,,,Draft,
2026-06-16,18:00,Instagram,Summer Arts Festival & Classes,Behind-the-scenes snapshot,"🧵 Behind the scenes at Kokomo Art Association—prep, planning, and plenty of paint. Our “Summer Arts Festival & Classes” focus keeps us inspired every day. #BehindTheScenes #GalleryLife",Post,,,Draft,
2026-06-16,10:00,Facebook,Summer Arts Festival & Classes,Behind-the-scenes snapshot,"🧵 Behind the scenes at Kokomo Art Association—prep, planning, and plenty of paint. Our “Summer Arts Festival & Classes” focus keeps us inspired every day. #BehindTheScenes #GalleryLife",Post,,,Draft,
2026-06-17,18:00,Instagram,Summer Arts Festival & Classes,Artist quote of the day,💬 Art quote of the day: let this little spark of wisdom fuel your creativity. Our “Summer Arts Festival & Classes” theme is all about staying inspired. What are you working on? #ArtQuote #CreativeCommunity,Post,,,Draft,
2026-06-17,10:00,Facebook,Summer Arts Festival & Classes,Artist quote of the day,💬 Art quote of the day: let this little spark of wisdom fuel your creativity. Our “Summer Arts Festival & Classes” theme is all about staying inspired. What are you working on? #ArtQuote #CreativeCommunity,Post,,,Draft,
2026-06-18,18:00,Instagram,Summer Arts Festival & Classes,Throwback piece from past exhibits,📸 Throwback to a favorite past exhibit at Kokomo Art Association. Our “Summer Arts Festival & Classes” theme reminds us how far our artists and community have come. #TBT #KokomoArtHistory,Post,,,Draft,
2026-06-18,10:00,Facebook,Summer Arts Festival & Classes,Throwback piece from past exhibits,📸 Throwback to a favorite past exhibit at Kokomo Art Association. Our “Summer Arts Festival & Classes” theme reminds us how far our artists and community have come. #TBT #KokomoArtHistory,Post,,,Draft,
2026-06-19,18:00,Instagram,Summer Arts Festival & Classes,Feature a vendor or artist participating in the festival,"🧵 Vendor spotlight: Meet Maya, the textile artist behind those gorgeous hand-dyed scarves you’ll find at the festival. Stop by her booth and say hi! #VendorSpotlight #ArtFestival",Post,,,Draft,
2026-06-19,10:00,Facebook,Summer Arts Festival & Classes,Feature a vendor or artist participating in the festival,"🧵 Vendor spotlight: Meet Maya, the textile artist behind those gorgeous hand-dyed scarves you’ll find at the festival. Stop by her booth and say hi! #VendorSpotlight #ArtFestival",Post,,,Draft,
2026-06-20,18:00,Instagram,Summer Arts Festival & Classes,Community shout-out,🤝 Community shout-out! Today we’re thanking everyone who helps keep Kokomo’s arts scene thriving—from volunteers to visitors. Our “Summer Arts Festival & Classes” focus is stronger with you. #CommunityLove #KokomoArts,Post,,,Draft,
2026-06-20,10:00,Facebook,Summer Arts Festival & Classes,Community shout-out,🤝 Community shout-out! Today we’re thanking everyone who helps keep Kokomo’s arts scene thriving—from volunteers to visitors. Our “Summer Arts Festival & Classes” focus is stronger with you. #CommunityLove #KokomoArts,Post,,,Draft,
2026-06-21,18:00,Instagram,Summer Arts Festival & Classes,Prompt for followers,🖌️ Creative prompt: make something today inspired by “Summer Arts Festival & Classes.” Share a photo and tag Kokomo Art Association so we can cheer you on! #ArtPrompt #MakeMoreArt,Post,,,Draft,
2026-06-21,10:00,Facebook,Summer Arts Festival & Classes,Prompt for followers,🖌️ Creative prompt: make something today inspired by “Summer Arts Festival & Classes.” Share a photo and tag Kokomo Art Association so we can cheer you on! #ArtPrompt #MakeMoreArt,Post,,,Draft,
2026-06-22,18:00,Instagram,Summer Arts Festival & Classes,Daily art highlight,✨ Daily art moment from Kokomo Art Association! Today we’re celebrating our “Summer Arts Festival & Classes” theme with a featured piece or story from the local art community. Share what it makes you feel. #KokomoArt #DailyArt,Post,,,Draft,
2026-06-22,10:00,Facebook,Summer Arts Festival & Classes,Daily art highlight,✨ Daily art moment from Kokomo Art Association! Today we’re celebrating our “Summer Arts Festival & Classes” theme with a featured piece or story from the local art community. Share what it makes you feel. #KokomoArt #DailyArt,Post,,,Draft,
2026-06-23,18:00,Instagram,Summer Arts Festival & Classes,Behind-the-scenes snapshot,"🧵 Behind the scenes at Kokomo Art Association—prep, planning, and plenty of paint. Our “Summer Arts Festival & Classes” focus keeps us inspired every day. #BehindTheScenes #GalleryLife",Post,,,Draft,
2026-06-23,10:00,Facebook,Summer Arts Festival & Classes,Behind-the-scenes snapshot,"🧵 Behind the scenes at Kokomo Art Association—prep, planning, and plenty of paint. Our “Summer Arts Festival & Classes” focus keeps us inspired every day. #BehindTheScenes #GalleryLife",Post,,,Draft,
2026-06-24,18:00,Instagram,Summer Arts Festival & Classes,Artist quote of the day,💬 Art quote of the day: let this little spark of wisdom fuel your creativity. Our “Summer Arts Festival & Classes” theme is all about staying inspired. What are you working on? #ArtQuote #CreativeCommunity,Post,,,Draft,
2026-06-24,10:00,Facebook,Summer Arts Festival & Classes,Artist quote of the day,💬 Art quote of the day: let this little spark of wisdom fuel your creativity. Our “Summer Arts Festival & Classes” theme is all about staying inspired. What are you working on? #ArtQuote #CreativeCommunity,Post,,,Draft,
2026-06-25,18:00,Instagram,Summer Arts Festival & Classes,Throwback piece from past exhibits,📸 Throwback to a favorite past exhibit at Kokomo Art Association. Our “Summer Arts Festival & Classes” theme reminds us how far our artists and community have come. #TBT #KokomoArtHistory,Post,,,Draft,
2026-06-25,10:00,Facebook,Summer Arts Festival & Classes,Throwback piece from past exhibits,📸 Throwback to a favorite past exhibit at Kokomo Art Association. Our “Summer Arts Festival & Classes” theme reminds us how far our artists and community have come. #TBT #KokomoArtHistory,Post,,,Draft,
2026-06-26,18:00,Instagram,Summer Arts Festival & Classes,Share a summer creativity tip or DIY idea,"💡 DIY idea: Try nature printing! Gather leaves and flowers, paint them, and press onto paper for a beautiful summer keepsake. Show us your creations! #SummerDIY #CreativeTip",Post,,,Draft,
2026-06-26,10:00,Facebook,Summer Arts Festival & Classes,Share a summer creativity tip or DIY idea,"💡 DIY idea: Try nature printing! Gather leaves and flowers, paint them, and press onto paper for a beautiful summer keepsake. Show us your creations! #SummerDIY #CreativeTip",Post,,,Draft,
2026-06-27,18:00,Instagram,Summer Arts Festival & Classes,Community shout-out,🤝 Community shout-out! Today we’re thanking everyone who helps keep Kokomo’s arts scene thriving—from volunteers to visitors. Our “Summer Arts Festival & Classes” focus is stronger with you. #CommunityLove #KokomoArts,Post,,,Draft,
2026-06-27,10:00,Facebook,Summer Arts Festival & Classes,Community shout-out,🤝 Community shout-out! Today we’re thanking everyone who helps keep Kokomo’s arts scene thriving—from volunteers to visitors. Our “Summer Arts Festival & Classes” focus is stronger with you. #CommunityLove #KokomoArts,Post,,,Draft,
2026-06-28,18:00,Instagram,Summer Arts Festival & Classes,Prompt for followers,🖌️ Creative prompt: make something today inspired by “Summer Arts Festival & Classes.” Share a photo and tag Kokomo Art Association so we can cheer you on! #ArtPrompt #MakeMoreArt,Post,,,Draft,
2026-06-28,10:00,Facebook,Summer Arts Festival & Classes,Prompt for followers,🖌️ Creative prompt: make something today inspired by “Summer Arts Festival & Classes.” Share a photo and tag Kokomo Art Association so we can cheer you on! #ArtPrompt #MakeMoreArt,Post,,,Draft,
2026-06-29,18:00,Instagram,Summer Arts Festival & Classes,Daily art highlight,✨ Daily art moment from Kokomo Art Association! Today we’re celebrating our “Summer Arts Festival & Classes” theme with a featured piece or story from the local art community. Share what it makes you feel. #KokomoArt #DailyArt,Post,,,Draft,
2026-06-29,10:00,Facebook,Summer Arts Festival & Classes,Daily art highlight,✨ Daily art moment from Kokomo Art Association! Today we’re celebrating our “Summer Arts Festival & Classes” theme with a featured piece or story from the local art community. Share what it makes you feel. #KokomoArt #DailyArt,Post,,,Draft,
2026-06-30,18:00,Instagram,Summer Arts Festival & Classes,Behind-the-scenes snapshot,"🧵 Behind the scenes at Kokomo Art Association—prep, planning, and plenty of paint. Our “Summer Arts Festival & Classes” focus keeps us inspired every day. #BehindTheScenes #GalleryLife",Post,,,Draft,
2026-06-30,10:00,Facebook,Summer Arts Festival & Classes,Behind-the-scenes snapshot,"🧵 Behind the scenes at Kokomo Art Association—prep, planning, and plenty of paint. Our “Summer Arts Festival & Classes” focus keeps us inspired every day. #BehindTheScenes #GalleryLife",Post,,,Draft,
2026-07-01,18:00,Instagram,Independence & Americana Art,Artist quote of the day,💬 Art quote of the day: let this little spark of wisdom fuel your creativity. Our “Independence & Americana Art” theme is all about staying inspired. What are you working on? #ArtQuote #CreativeCommunity,Post,,,Draft,
2026-07-01,10:00,Facebook,Independence & Americana Art,Artist quote of the day,💬 Art quote of the day: let this little spark of wisdom fuel your creativity. Our “Independence & Americana Art” theme is all about staying inspired. What are you working on? #ArtQuote #CreativeCommunity,Post,,,Draft,
2026-07-02,18:00,Instagram,Independence & Americana Art,Throwback piece from past exhibits,📸 Throwback to a favorite past exhibit at Kokomo Art Association. Our “Independence & Americana Art” theme reminds us how far our artists and community have come. #TBT #KokomoArtHistory,Post,,,Draft,
2026-07-02,10:00,Facebook,Independence & Americana Art,Throwback piece from past exhibits,📸 Throwback to a favorite past exhibit at Kokomo Art Association. Our “Independence & Americana Art” theme reminds us how far our artists and community have come. #TBT #KokomoArtHistory,Post,,,Draft,
2026-07-03,18:00,Instagram,Independence & Americana Art,Call to visit the gallery,"🏛️ Have you visited the gallery recently? Drop by and experience our “Independence & Americana Art” artworks in person. Admission is affordable, inspiration is free. #VisitTheGallery #SupportTheArts",Post,,,Draft,
2026-07-03,10:00,Facebook,Independence & Americana Art,Call to visit the gallery,"🏛️ Have you visited the gallery recently? Drop by and experience our “Independence & Americana Art” artworks in person. Admission is affordable, inspiration is free. #VisitTheGallery #SupportTheArts",Post,,,Draft,
2026-07-04,18:00,Instagram,Independence & Americana Art,Community shout-out,🤝 Community shout-out! Today we’re thanking everyone who helps keep Kokomo’s arts scene thriving—from volunteers to visitors. Our “Independence & Americana Art” focus is stronger with you. #CommunityLove #KokomoArts,Post,,,Draft,
2026-07-04,10:00,Facebook,Independence & Americana Art,Community shout-out,🤝 Community shout-out! Today we’re thanking everyone who helps keep Kokomo’s arts scene thriving—from volunteers to visitors. Our “Independence & Americana Art” focus is stronger with you. #CommunityLove #KokomoArts,Post,,,Draft,
2026-07-05,18:00,Instagram,Independence & Americana Art,Showcase patriotic-themed artwork by local artists,🇺🇸 Celebrate July with art! Here’s a patriotic piece by a local artist that captures the spirit of freedom and community. #AmericanaArt #FourthOfJuly,Post,,,Draft,
2026-07-05,10:00,Facebook,Independence & Americana Art,Showcase patriotic-themed artwork by local artists,🇺🇸 Celebrate July with art! Here’s a patriotic piece by a local artist that captures the spirit of freedom and community. #AmericanaArt #FourthOfJuly,Post,,,Draft,
2026-07-06,18:00,Instagram,Independence & Americana Art,Daily art highlight,✨ Daily art moment from Kokomo Art Association! Today we’re celebrating our “Independence & Americana Art” theme with a featured piece or story from the local art community. Share what it makes you feel. #KokomoArt #DailyArt,Post,,,Draft,
2026-07-06,10:00,Facebook,Independence & Americana Art,Daily art highlight,✨ Daily art moment from Kokomo Art Association! Today we’re celebrating our “Independence & Americana Art” theme with a featured piece or story from the local art community. Share what it makes you feel. #KokomoArt #DailyArt,Post,,,Draft,
2026-07-07,18:00,Instagram,Independence & Americana Art,Behind-the-scenes snapshot,"🧵 Behind the scenes at Kokomo Art Association—prep, planning, and plenty of paint. Our “Independence & Americana Art” focus keeps us inspired every day. #BehindTheScenes #GalleryLife",Post,,,Draft,
2026-07-07,10:00,Facebook,Independence & Americana Art,Behind-the-scenes snapshot,"🧵 Behind the scenes at Kokomo Art Association—prep, planning, and plenty of paint. Our “Independence & Americana Art” focus keeps us inspired every day. #BehindTheScenes #GalleryLife",Post,,,Draft,
2026-07-08,18:00,Instagram,Independence & Americana Art,Artist quote of the day,💬 Art quote of the day: let this little spark of wisdom fuel your creativity. Our “Independence & Americana Art” theme is all about staying inspired. What are you working on? #ArtQuote #CreativeCommunity,Post,,,Draft,
2026-07-08,10:00,Facebook,Independence & Americana Art,Artist quote of the day,💬 Art quote of the day: let this little spark of wisdom fuel your creativity. Our “Independence & Americana Art” theme is all about staying inspired. What are you working on? #ArtQuote #CreativeCommunity,Post,,,Draft,
2026-07-09,18:00,Instagram,Independence & Americana Art,Throwback piece from past exhibits,📸 Throwback to a favorite past exhibit at Kokomo Art Association. Our “Independence & Americana Art” theme reminds us how far our artists and community have come. #TBT #KokomoArtHistory,Post,,,Draft,
2026-07-09,10:00,Facebook,Independence & Americana Art,Throwback piece from past exhibits,📸 Throwback to a favorite past exhibit at Kokomo Art Association. Our “Independence & Americana Art” theme reminds us how far our artists and community have come. #TBT #KokomoArtHistory,Post,,,Draft,
2026-07-10,18:00,Instagram,Independence & Americana Art,Call to visit the gallery,"🏛️ Have you visited the gallery recently? Drop by and experience our “Independence & Americana Art” artworks in person. Admission is affordable, inspiration is free. #VisitTheGallery #SupportTheArts",Post,,,Draft,
2026-07-10,10:00,Facebook,Independence & Americana Art,Call to visit the gallery,"🏛️ Have you visited the gallery recently? Drop by and experience our “Independence & Americana Art” artworks in person. Admission is affordable, inspiration is free. #VisitTheGallery #SupportTheArts",Post,,,Draft,
2026-07-11,18:00,Instagram,Independence & Americana Art,Community shout-out,🤝 Community shout-out! Today we’re thanking everyone who helps keep Kokomo’s arts scene thriving—from volunteers to visitors. Our “Independence & Americana Art” focus is stronger with you. #CommunityLove #KokomoArts,Post,,,Draft,
2026-07-11,10:00,Facebook,Independence & Americana Art,Community shout-out,🤝 Community shout-out! Today we’re thanking everyone who helps keep Kokomo’s arts scene thriving—from volunteers to visitors. Our “Independence & Americana Art” focus is stronger with you. #CommunityLove #KokomoArts,Post,,,Draft,
2026-07-12,18:00,Instagram,Independence & Americana Art,Promote a July 4th art show or exhibition,"🎆 Join us for our July 4th Art Show featuring works inspired by Americana and national heritage. After the parade, drop by the gallery! #IndependenceDay #ArtShow",Post,,,Draft,
2026-07-12,10:00,Facebook,Independence & Americana Art,Promote a July 4th art show or exhibition,"🎆 Join us for our July 4th Art Show featuring works inspired by Americana and national heritage. After the parade, drop by the gallery! #IndependenceDay #ArtShow",Post,,,Draft,
2026-07-13,18:00,Instagram,Independence & Americana Art,Daily art highlight,✨ Daily art moment from Kokomo Art Association! Today we’re celebrating our “Independence & Americana Art” theme with a featured piece or story from the local art community. Share what it makes you feel. #KokomoArt #DailyArt,Post,,,Draft,
2026-07-13,10:00,Facebook,Independence & Americana Art,Daily art highlight,✨ Daily art moment from Kokomo Art Association! Today we’re celebrating our “Independence & Americana Art” theme with a featured piece or story from the local art community. Share what it makes you feel. #KokomoArt #DailyArt,Post,,,Draft,
2026-07-14,18:00,Instagram,Independence & Americana Art,Behind-the-scenes snapshot,"🧵 Behind the scenes at Kokomo Art Association—prep, planning, and plenty of paint. Our “Independence & Americana Art” focus keeps us inspired every day. #BehindTheScenes #GalleryLife",Post,,,Draft,
2026-07-14,10:00,Facebook,Independence & Americana Art,Behind-the-scenes snapshot,"🧵 Behind the scenes at Kokomo Art Association—prep, planning, and plenty of paint. Our “Independence & Americana Art” focus keeps us inspired every day. #BehindTheScenes #GalleryLife",Post,,,Draft,
2026-07-15,18:00,Instagram,Independence & Americana Art,Artist quote of the day,💬 Art quote of the day: let this little spark of wisdom fuel your creativity. Our “Independence & Americana Art” theme is all about staying inspired. What are you working on? #ArtQuote #CreativeCommunity,Post,,,Draft,
2026-07-15,10:00,Facebook,Independence & Americana Art,Artist quote of the day,💬 Art quote of the day: let this little spark of wisdom fuel your creativity. Our “Independence & Americana Art” theme is all about staying inspired. What are you working on? #ArtQuote #CreativeCommunity,Post,,,Draft,
2026-07-16,18:00,Instagram,Independence & Americana Art,Throwback piece from past exhibits,📸 Throwback to a favorite past exhibit at Kokomo Art Association. Our “Independence & Americana Art” theme reminds us how far our artists and community have come. #TBT #KokomoArtHistory,Post,,,Draft,
2026-07-16,10:00,Facebook,Independence & Americana Art,Throwback piece from past exhibits,📸 Throwback to a favorite past exhibit at Kokomo Art Association. Our “Independence & Americana Art” theme reminds us how far our artists and community have come. #TBT #KokomoArtHistory,Post,,,Draft,
2026-07-17,18:00,Instagram,Independence & Americana Art,Call to visit the gallery,"🏛️ Have you visited the gallery recently? Drop by and experience our “Independence & Americana Art” artworks in person. Admission is affordable, inspiration is free. #VisitTheGallery #SupportTheArts",Post,,,Draft,
2026-07-17,10:00,Facebook,Independence & Americana Art,Call to visit the gallery,"🏛️ Have you visited the gallery recently? Drop by and experience our “Independence & Americana Art” artworks in person. Admission is affordable, inspiration is free. #VisitTheGallery #SupportTheArts",Post,,,Draft,
2026-07-18,18:00,Instagram,Independence & Americana Art,Community shout-out,🤝 Community shout-out! Today we’re thanking everyone who helps keep Kokomo’s arts scene thriving—from volunteers to visitors. Our “Independence & Americana Art” focus is stronger with you. #CommunityLove #KokomoArts,Post,,,Draft,
2026-07-18,10:00,Facebook,Independence & Americana Art,Community shout-out,🤝 Community shout-out! Today we’re thanking everyone who helps keep Kokomo’s arts scene thriving—from volunteers to visitors. Our “Independence & Americana Art” focus is stronger with you. #CommunityLove #KokomoArts,Post,,,Draft,
2026-07-19,18:00,Instagram,Independence & Americana Art,Share a history tidbit about Kokomo’s art scene,📜 Did you know Kokomo’s first public art installation dates back over 50 years? Our city has a rich tradition of supporting the arts. #KokomoHistory #ArtHeritage,Post,,,Draft,
2026-07-19,10:00,Facebook,Independence & Americana Art,Share a history tidbit about Kokomo’s art scene,📜 Did you know Kokomo’s first public art installation dates back over 50 years? Our city has a rich tradition of supporting the arts. #KokomoHistory #ArtHeritage,Post,,,Draft,
2026-07-20,18:00,Instagram,Independence & Americana Art,Daily art highlight,✨ Daily art moment from Kokomo Art Association! Today we’re celebrating our “Independence & Americana Art” theme with a featured piece or story from the local art community. Share what it makes you feel. #KokomoArt #DailyArt,Post,,,Draft,
2026-07-20,10:00,Facebook,Independence & Americana Art,Daily art highlight,✨ Daily art moment from Kokomo Art Association! Today we’re celebrating our “Independence & Americana Art” theme with a featured piece or story from the local art community. Share what it makes you feel. #KokomoArt #DailyArt,Post,,,Draft,
2026-07-21,18:00,Instagram,Independence & Americana Art,Behind-the-scenes snapshot,"🧵 Behind the scenes at Kokomo Art Association—prep, planning, and plenty of paint. Our “Independence & Americana Art” focus keeps us inspired every day. #BehindTheScenes #GalleryLife",Post,,,Draft,
2026-07-21,10:00,Facebook,Independence & Americana Art,Behind-the-scenes snapshot,"🧵 Behind the scenes at Kokomo Art Association—prep, planning, and plenty of paint. Our “Independence & Americana Art” focus keeps us inspired every day. #BehindTheScenes #GalleryLife",Post,,,Draft,
2026-07-22,18:00,Instagram,Independence & Americana Art,Artist quote of the day,💬 Art quote of the day: let this little spark of wisdom fuel your creativity. Our “Independence & Americana Art” theme is all about staying inspired. What are you working on? #ArtQuote #CreativeCommunity,Post,,,Draft,
2026-07-22,10:00,Facebook,Independence & Americana Art,Artist quote of the day,💬 Art quote of the day: let this little spark of wisdom fuel your creativity. Our “Independence & Americana Art” theme is all about staying inspired. What are you working on? #ArtQuote #CreativeCommunity,Post,,,Draft,
2026-07-23,18:00,Instagram,Independence & Americana Art,Throwback piece from past exhibits,📸 Throwback to a favorite past exhibit at Kokomo Art Association. Our “Independence & Americana Art” theme reminds us how far our artists and community have come. #TBT #KokomoArtHistory,Post,,,Draft,
2026-07-23,10:00,Facebook,Independence & Americana Art,Throwback piece from past exhibits,📸 Throwback to a favorite past exhibit at Kokomo Art Association. Our “Independence & Americana Art” theme reminds us how far our artists and community have come. #TBT #KokomoArtHistory,Post,,,Draft,
2026-07-24,18:00,Instagram,Independence & Americana Art,Call to visit the gallery,"🏛️ Have you visited the gallery recently? Drop by and experience our “Independence & Americana Art” artworks in person. Admission is affordable, inspiration is free. #VisitTheGallery #SupportTheArts",Post,,,Draft,
2026-07-24,10:00,Facebook,Independence & Americana Art,Call to visit the gallery,"🏛️ Have you visited the gallery recently? Drop by and experience our “Independence & Americana Art” artworks in person. Admission is affordable, inspiration is free. #VisitTheGallery #SupportTheArts",Post,,,Draft,
2026-07-25,18:00,Instagram,Independence & Americana Art,Community shout-out,🤝 Community shout-out! Today we’re thanking everyone who helps keep Kokomo’s arts scene thriving—from volunteers to visitors. Our “Independence & Americana Art” focus is stronger with you. #CommunityLove #KokomoArts,Post,,,Draft,
2026-07-25,10:00,Facebook,Independence & Americana Art,Community shout-out,🤝 Community shout-out! Today we’re thanking everyone who helps keep Kokomo’s arts scene thriving—from volunteers to visitors. Our “Independence & Americana Art” focus is stronger with you. #CommunityLove #KokomoArts,Post,,,Draft,
2026-07-26,18:00,Instagram,Independence & Americana Art,"Highlight red, white and blue crafts for families","🎨 Craft time! Make your own red, white and blue garland using paper and string. It’s a fun activity for all ages. Share your creations with us! #FamilyCrafts #PatrioticArt",Post,,,Draft,
2026-07-26,10:00,Facebook,Independence & Americana Art,"Highlight red, white and blue crafts for families","🎨 Craft time! Make your own red, white and blue garland using paper and string. It’s a fun activity for all ages. Share your creations with us! #FamilyCrafts #PatrioticArt",Post,,,Draft,
2026-07-27,18:00,Instagram,Independence & Americana Art,Daily art highlight,✨ Daily art moment from Kokomo Art Association! Today we’re celebrating our “Independence & Americana Art” theme with a featured piece or story from the local art community. Share what it makes you feel. #KokomoArt #DailyArt,Post,,,Draft,
2026-07-27,10:00,Facebook,Independence & Americana Art,Daily art highlight,✨ Daily art moment from Kokomo Art Association! Today we’re celebrating our “Independence & Americana Art” theme with a featured piece or story from the local art community. Share what it makes you feel. #KokomoArt #DailyArt,Post,,,Draft,
2026-07-28,18:00,Instagram,Independence & Americana Art,Behind-the-scenes snapshot,"🧵 Behind the scenes at Kokomo Art Association—prep, planning, and plenty of paint. Our “Independence & Americana Art” focus keeps us inspired every day. #BehindTheScenes #GalleryLife",Post,,,Draft,
2026-07-28,10:00,Facebook,Independence & Americana Art,Behind-the-scenes snapshot,"🧵 Behind the scenes at Kokomo Art Association—prep, planning, and plenty of paint. Our “Independence & Americana Art” focus keeps us inspired every day. #BehindTheScenes #GalleryLife",Post,,,Draft,
2026-07-29,18:00,Instagram,Independence & Americana Art,Artist quote of the day,💬 Art quote of the day: let this little spark of wisdom fuel your creativity. Our “Independence & Americana Art” theme is all about staying inspired. What are you working on? #ArtQuote #CreativeCommunity,Post,,,Draft,
2026-07-29,10:00,Facebook,Independence & Americana Art,Artist quote of the day,💬 Art quote of the day: let this little spark of wisdom fuel your creativity. Our “Independence & Americana Art” theme is all about staying inspired. What are you working on? #ArtQuote #CreativeCommunity,Post,,,Draft,
2026-07-30,18:00,Instagram,Independence & Americana Art,Throwback piece from past exhibits,📸 Throwback to a favorite past exhibit at Kokomo Art Association. Our “Independence & Americana Art” theme reminds us how far our artists and community have come. #TBT #KokomoArtHistory,Post,,,Draft,
2026-07-30,10:00,Facebook,Independence & Americana Art,Throwback piece from past exhibits,📸 Throwback to a favorite past exhibit at Kokomo Art Association. Our “Independence & Americana Art” theme reminds us how far our artists and community have come. #TBT #KokomoArtHistory,Post,,,Draft,
2026-07-31,18:00,Instagram,Independence & Americana Art,Call to visit the gallery,"🏛️ Have you visited the gallery recently? Drop by and experience our “Independence & Americana Art” artworks in person. Admission is affordable, inspiration is free. #VisitTheGallery #SupportTheArts",Post,,,Draft,
2026-07-31,10:00,Facebook,Independence & Americana Art,Call to visit the gallery,"🏛️ Have you visited the gallery recently? Drop by and experience our “Independence & Americana Art” artworks in person. Admission is affordable, inspiration is free. #VisitTheGallery #SupportTheArts",Post,,,Draft,
2026-08-01,18:00,Instagram,Youth Art & Education,Community shout-out,🤝 Community shout-out! Today we’re thanking everyone who helps keep Kokomo’s arts scene thriving—from volunteers to visitors. Our “Youth Art & Education” focus is stronger with you. #CommunityLove #KokomoArts,Post,,,Draft,
2026-08-01,10:00,Facebook,Youth Art & Education,Community shout-out,🤝 Community shout-out! Today we’re thanking everyone who helps keep Kokomo’s arts scene thriving—from volunteers to visitors. Our “Youth Art & Education” focus is stronger with you. #CommunityLove #KokomoArts,Post,,,Draft,
2026-08-02,18:00,Instagram,Youth Art & Education,Prompt for followers,🖌️ Creative prompt: make something today inspired by “Youth Art & Education.” Share a photo and tag Kokomo Art Association so we can cheer you on! #ArtPrompt #MakeMoreArt,Post,,,Draft,
2026-08-02,10:00,Facebook,Youth Art & Education,Prompt for followers,🖌️ Creative prompt: make something today inspired by “Youth Art & Education.” Share a photo and tag Kokomo Art Association so we can cheer you on! #ArtPrompt #MakeMoreArt,Post,,,Draft,
2026-08-03,18:00,Instagram,Youth Art & Education,Daily art highlight,✨ Daily art moment from Kokomo Art Association! Today we’re celebrating our “Youth Art & Education” theme with a featured piece or story from the local art community. Share what it makes you feel. #KokomoArt #DailyArt,Post,,,Draft,
2026-08-03,10:00,Facebook,Youth Art & Education,Daily art highlight,✨ Daily art moment from Kokomo Art Association! Today we’re celebrating our “Youth Art & Education” theme with a featured piece or story from the local art community. Share what it makes you feel. #KokomoArt #DailyArt,Post,,,Draft,
2026-08-04,18:00,Instagram,Youth Art & Education,Behind-the-scenes snapshot,"🧵 Behind the scenes at Kokomo Art Association—prep, planning, and plenty of paint. Our “Youth Art & Education” focus keeps us inspired every day. #BehindTheScenes #GalleryLife",Post,,,Draft,
2026-08-04,10:00,Facebook,Youth Art & Education,Behind-the-scenes snapshot,"🧵 Behind the scenes at Kokomo Art Association—prep, planning, and plenty of paint. Our “Youth Art & Education” focus keeps us inspired every day. #BehindTheScenes #GalleryLife",Post,,,Draft,
2026-08-05,18:00,Instagram,Youth Art & Education,Feature artwork created by students in youth programs,👩‍🎨 Our youth artists blow us away! Here’s a standout piece from our summer program. Keep nurturing their creativity with us. #YouthArt #FutureArtists,Post,,,Draft,
2026-08-05,10:00,Facebook,Youth Art & Education,Feature artwork created by students in youth programs,👩‍🎨 Our youth artists blow us away! Here’s a standout piece from our summer program. Keep nurturing their creativity with us. #YouthArt #FutureArtists,Post,,,Draft,
2026-08-06,18:00,Instagram,Youth Art & Education,Throwback piece from past exhibits,📸 Throwback to a favorite past exhibit at Kokomo Art Association. Our “Youth Art & Education” theme reminds us how far our artists and community have come. #TBT #KokomoArtHistory,Post,,,Draft,
2026-08-06,10:00,Facebook,Youth Art & Education,Throwback piece from past exhibits,📸 Throwback to a favorite past exhibit at Kokomo Art Association. Our “Youth Art & Education” theme reminds us how far our artists and community have come. #TBT #KokomoArtHistory,Post,,,Draft,
2026-08-07,18:00,Instagram,Youth Art & Education,Call to visit the gallery,"🏛️ Have you visited the gallery recently? Drop by and experience our “Youth Art & Education” artworks in person. Admission is affordable, inspiration is free. #VisitTheGallery #SupportTheArts",Post,,,Draft,
2026-08-07,10:00,Facebook,Youth Art & Education,Call to visit the gallery,"🏛️ Have you visited the gallery recently? Drop by and experience our “Youth Art & Education” artworks in person. Admission is affordable, inspiration is free. #VisitTheGallery #SupportTheArts",Post,,,Draft,
2026-08-08,18:00,Instagram,Youth Art & Education,Community shout-out,🤝 Community shout-out! Today we’re thanking everyone who helps keep Kokomo’s arts scene thriving—from volunteers to visitors. Our “Youth Art & Education” focus is stronger with you. #CommunityLove #KokomoArts,Post,,,Draft,
2026-08-08,10:00,Facebook,Youth Art & Education,Community shout-out,🤝 Community shout-out! Today we’re thanking everyone who helps keep Kokomo’s arts scene thriving—from volunteers to visitors. Our “Youth Art & Education” focus is stronger with you. #CommunityLove #KokomoArts,Post,,,Draft,
2026-08-09,18:00,Instagram,Youth Art & Education,Prompt for followers,🖌️ Creative prompt: make something today inspired by “Youth Art & Education.” Share a photo and tag Kokomo Art Association so we can cheer you on! #ArtPrompt #MakeMoreArt,Post,,,Draft,
2026-08-09,10:00,Facebook,Youth Art & Education,Prompt for followers,🖌️ Creative prompt: make something today inspired by “Youth Art & Education.” Share a photo and tag Kokomo Art Association so we can cheer you on! #ArtPrompt #MakeMoreArt,Post,,,Draft,
2026-08-10,18:00,Instagram,Youth Art & Education,Daily art highlight,✨ Daily art moment from Kokomo Art Association! Today we’re celebrating our “Youth Art & Education” theme with a featured piece or story from the local art community. Share what it makes you feel. #KokomoArt #DailyArt,Post,,,Draft,
2026-08-10,10:00,Facebook,Youth Art & Education,Daily art highlight,✨ Daily art moment from Kokomo Art Association! Today we’re celebrating our “Youth Art & Education” theme with a featured piece or story from the local art community. Share what it makes you feel. #KokomoArt #DailyArt,Post,,,Draft,
2026-08-11,18:00,Instagram,Youth Art & Education,Behind-the-scenes snapshot,"🧵 Behind the scenes at Kokomo Art Association—prep, planning, and plenty of paint. Our “Youth Art & Education” focus keeps us inspired every day. #BehindTheScenes #GalleryLife",Post,,,Draft,
2026-08-11,10:00,Facebook,Youth Art & Education,Behind-the-scenes snapshot,"🧵 Behind the scenes at Kokomo Art Association—prep, planning, and plenty of paint. Our “Youth Art & Education” focus keeps us inspired every day. #BehindTheScenes #GalleryLife",Post,,,Draft,
2026-08-12,18:00,Instagram,Youth Art & Education,Promote back-to-school art education programs,📚 School’s almost back in session! Keep art in the curriculum with our after-school classes. Scholarships available. #ArtEducation #BackToSchool,Post,,,Draft,
2026-08-12,10:00,Facebook,Youth Art & Education,Promote back-to-school art education programs,📚 School’s almost back in session! Keep art in the curriculum with our after-school classes. Scholarships available. #ArtEducation #BackToSchool,Post,,,Draft,
2026-08-13,18:00,Instagram,Youth Art & Education,Throwback piece from past exhibits,📸 Throwback to a favorite past exhibit at Kokomo Art Association. Our “Youth Art & Education” theme reminds us how far our artists and community have come. #TBT #KokomoArtHistory,Post,,,Draft,
2026-08-13,10:00,Facebook,Youth Art & Education,Throwback piece from past exhibits,📸 Throwback to a favorite past exhibit at Kokomo Art Association. Our “Youth Art & Education” theme reminds us how far our artists and community have come. #TBT #KokomoArtHistory,Post,,,Draft,
2026-08-14,18:00,Instagram,Youth Art & Education,Call to visit the gallery,"🏛️ Have you visited the gallery recently? Drop by and experience our “Youth Art & Education” artworks in person. Admission is affordable, inspiration is free. #VisitTheGallery #SupportTheArts",Post,,,Draft,
2026-08-14,10:00,Facebook,Youth Art & Education,Call to visit the gallery,"🏛️ Have you visited the gallery recently? Drop by and experience our “Youth Art & Education” artworks in person. Admission is affordable, inspiration is free. #VisitTheGallery #SupportTheArts",Post,,,Draft,
2026-08-15,18:00,Instagram,Youth Art & Education,Community shout-out,🤝 Community shout-out! Today we’re thanking everyone who helps keep Kokomo’s arts scene thriving—from volunteers to visitors. Our “Youth Art & Education” focus is stronger with you. #CommunityLove #KokomoArts,Post,,,Draft,
2026-08-15,10:00,Facebook,Youth Art & Education,Community shout-out,🤝 Community shout-out! Today we’re thanking everyone who helps keep Kokomo’s arts scene thriving—from volunteers to visitors. Our “Youth Art & Education” focus is stronger with you. #CommunityLove #KokomoArts,Post,,,Draft,
2026-08-16,18:00,Instagram,Youth Art & Education,Prompt for followers,🖌️ Creative prompt: make something today inspired by “Youth Art & Education.” Share a photo and tag Kokomo Art Association so we can cheer you on! #ArtPrompt #MakeMoreArt,Post,,,Draft,
2026-08-16,10:00,Facebook,Youth Art & Education,Prompt for followers,🖌️ Creative prompt: make something today inspired by “Youth Art & Education.” Share a photo and tag Kokomo Art Association so we can cheer you on! #ArtPrompt #MakeMoreArt,Post,,,Draft,
2026-08-17,18:00,Instagram,Youth Art & Education,Daily art highlight,✨ Daily art moment from Kokomo Art Association! Today we’re celebrating our “Youth Art & Education” theme with a featured piece or story from the local art community. Share what it makes you feel. #KokomoArt #DailyArt,Post,,,Draft,
2026-08-17,10:00,Facebook,Youth Art & Education,Daily art highlight,✨ Daily art moment from Kokomo Art Association! Today we’re celebrating our “Youth Art & Education” theme with a featured piece or story from the local art community. Share what it makes you feel. #KokomoArt #DailyArt,Post,,,Draft,
2026-08-18,18:00,Instagram,Youth Art & Education,Behind-the-scenes snapshot,"🧵 Behind the scenes at Kokomo Art Association—prep, planning, and plenty of paint. Our “Youth Art & Education” focus keeps us inspired every day. #BehindTheScenes #GalleryLife",Post,,,Draft,
2026-08-18,10:00,Facebook,Youth Art & Education,Behind-the-scenes snapshot,"🧵 Behind the scenes at Kokomo Art Association—prep, planning, and plenty of paint. Our “Youth Art & Education” focus keeps us inspired every day. #BehindTheScenes #GalleryLife",Post,,,Draft,
2026-08-19,18:00,Instagram,Youth Art & Education,Invite donations for art supplies for students,"🎒 Help stock our art rooms! We’re collecting donations of brushes, sketchbooks, and paints to ensure every child has the tools to create. #DonateSupplies #SupportStudents",Post,,,Draft,
2026-08-19,10:00,Facebook,Youth Art & Education,Invite donations for art supplies for students,"🎒 Help stock our art rooms! We’re collecting donations of brushes, sketchbooks, and paints to ensure every child has the tools to create. #DonateSupplies #SupportStudents",Post,,,Draft,
2026-08-20,18:00,Instagram,Youth Art & Education,Throwback piece from past exhibits,📸 Throwback to a favorite past exhibit at Kokomo Art Association. Our “Youth Art & Education” theme reminds us how far our artists and community have come. #TBT #KokomoArtHistory,Post,,,Draft,
2026-08-20,10:00,Facebook,Youth Art & Education,Throwback piece from past exhibits,📸 Throwback to a favorite past exhibit at Kokomo Art Association. Our “Youth Art & Education” theme reminds us how far our artists and community have come. #TBT #KokomoArtHistory,Post,,,Draft,
2026-08-21,18:00,Instagram,Youth Art & Education,Call to visit the gallery,"🏛️ Have you visited the gallery recently? Drop by and experience our “Youth Art & Education” artworks in person. Admission is affordable, inspiration is free. #VisitTheGallery #SupportTheArts",Post,,,Draft,
2026-08-21,10:00,Facebook,Youth Art & Education,Call to visit the gallery,"🏛️ Have you visited the gallery recently? Drop by and experience our “Youth Art & Education” artworks in person. Admission is affordable, inspiration is free. #VisitTheGallery #SupportTheArts",Post,,,Draft,
2026-08-22,18:00,Instagram,Youth Art & Education,Community shout-out,🤝 Community shout-out! Today we’re thanking everyone who helps keep Kokomo’s arts scene thriving—from volunteers to visitors. Our “Youth Art & Education” focus is stronger with you. #CommunityLove #KokomoArts,Post,,,Draft,
2026-08-22,10:00,Facebook,Youth Art & Education,Community shout-out,🤝 Community shout-out! Today we’re thanking everyone who helps keep Kokomo’s arts scene thriving—from volunteers to visitors. Our “Youth Art & Education” focus is stronger with you. #CommunityLove #KokomoArts,Post,,,Draft,
2026-08-23,18:00,Instagram,Youth Art & Education,Prompt for followers,🖌️ Creative prompt: make something today inspired by “Youth Art & Education.” Share a photo and tag Kokomo Art Association so we can cheer you on! #ArtPrompt #MakeMoreArt,Post,,,Draft,
2026-08-23,10:00,Facebook,Youth Art & Education,Prompt for followers,🖌️ Creative prompt: make something today inspired by “Youth Art & Education.” Share a photo and tag Kokomo Art Association so we can cheer you on! #ArtPrompt #MakeMoreArt,Post,,,Draft,
2026-08-24,18:00,Instagram,Youth Art & Education,Daily art highlight,✨ Daily art moment from Kokomo Art Association! Today we’re celebrating our “Youth Art & Education” theme with a featured piece or story from the local art community. Share what it makes you feel. #KokomoArt #DailyArt,Post,,,Draft,
2026-08-24,10:00,Facebook,Youth Art & Education,Daily art highlight,✨ Daily art moment from Kokomo Art Association! Today we’re celebrating our “Youth Art & Education” theme with a featured piece or story from the local art community. Share what it makes you feel. #KokomoArt #DailyArt,Post,,,Draft,
2026-08-25,18:00,Instagram,Youth Art & Education,Behind-the-scenes snapshot,"🧵 Behind the scenes at Kokomo Art Association—prep, planning, and plenty of paint. Our “Youth Art & Education” focus keeps us inspired every day. #BehindTheScenes #GalleryLife",Post,,,Draft,
2026-08-25,10:00,Facebook,Youth Art & Education,Behind-the-scenes snapshot,"🧵 Behind the scenes at Kokomo Art Association—prep, planning, and plenty of paint. Our “Youth Art & Education” focus keeps us inspired every day. #BehindTheScenes #GalleryLife",Post,,,Draft,
2026-08-26,18:00,Instagram,Youth Art & Education,Highlight a student art showcase event,🏆 Save the date for our Student Art Showcase! Come see the incredible work created by our talented youth and celebrate their achievements. #StudentShowcase #KokomoArt,Post,,,Draft,
2026-08-26,10:00,Facebook,Youth Art & Education,Highlight a student art showcase event,🏆 Save the date for our Student Art Showcase! Come see the incredible work created by our talented youth and celebrate their achievements. #StudentShowcase #KokomoArt,Post,,,Draft,
2026-08-27,18:00,Instagram,Youth Art & Education,Throwback piece from past exhibits,📸 Throwback to a favorite past exhibit at Kokomo Art Association. Our “Youth Art & Education” theme reminds us how far our artists and community have come. #TBT #KokomoArtHistory,Post,,,Draft,
2026-08-27,10:00,Facebook,Youth Art & Education,Throwback piece from past exhibits,📸 Throwback to a favorite past exhibit at Kokomo Art Association. Our “Youth Art & Education” theme reminds us how far our artists and community have come. #TBT #KokomoArtHistory,Post,,,Draft,
2026-08-28,18:00,Instagram,Youth Art & Education,Call to visit the gallery,"🏛️ Have you visited the gallery recently? Drop by and experience our “Youth Art & Education” artworks in person. Admission is affordable, inspiration is free. #VisitTheGallery #SupportTheArts",Post,,,Draft,
2026-08-28,10:00,Facebook,Youth Art & Education,Call to visit the gallery,"🏛️ Have you visited the gallery recently? Drop by and experience our “Youth Art & Education” artworks in person. Admission is affordable, inspiration is free. #VisitTheGallery #SupportTheArts",Post,,,Draft,
2026-08-29,18:00,Instagram,Youth Art & Education,Community shout-out,🤝 Community shout-out! Today we’re thanking everyone who helps keep Kokomo’s arts scene thriving—from volunteers to visitors. Our “Youth Art & Education” focus is stronger with you. #CommunityLove #KokomoArts,Post,,,Draft,
2026-08-29,10:00,Facebook,Youth Art & Education,Community shout-out,🤝 Community shout-out! Today we’re thanking everyone who helps keep Kokomo’s arts scene thriving—from volunteers to visitors. Our “Youth Art & Education” focus is stronger with you. #CommunityLove #KokomoArts,Post,,,Draft,
2026-08-30,18:00,Instagram,Youth Art & Education,Prompt for followers,🖌️ Creative prompt: make something today inspired by “Youth Art & Education.” Share a photo and tag Kokomo Art Association so we can cheer you on! #ArtPrompt #MakeMoreArt,Post,,,Draft,
2026-08-30,10:00,Facebook,Youth Art & Education,Prompt for followers,🖌️ Creative prompt: make something today inspired by “Youth Art & Education.” Share a photo and tag Kokomo Art Association so we can cheer you on! #ArtPrompt #MakeMoreArt,Post,,,Draft,
2026-08-31,18:00,Instagram,Youth Art & Education,Daily art highlight,✨ Daily art moment from Kokomo Art Association! Today we’re celebrating our “Youth Art & Education” theme with a featured piece or story from the local art community. Share what it makes you feel. #KokomoArt #DailyArt,Post,,,Draft,
2026-08-31,10:00,Facebook,Youth Art & Education,Daily art highlight,✨ Daily art moment from Kokomo Art Association! Today we’re celebrating our “Youth Art & Education” theme with a featured piece or story from the local art community. Share what it makes you feel. #KokomoArt #DailyArt,Post,,,Draft,
2026-09-01,18:00,Instagram,Fall Gallery & Artist Spotlights,Behind-the-scenes snapshot,"🧵 Behind the scenes at Kokomo Art Association—prep, planning, and plenty of paint. Our “Fall Gallery & Artist Spotlights” focus keeps us inspired every day. #BehindTheScenes #GalleryLife",Post,,,Draft,
2026-09-01,10:00,Facebook,Fall Gallery & Artist Spotlights,Behind-the-scenes snapshot,"🧵 Behind the scenes at Kokomo Art Association—prep, planning, and plenty of paint. Our “Fall Gallery & Artist Spotlights” focus keeps us inspired every day. #BehindTheScenes #GalleryLife",Post,,,Draft,
2026-09-02,18:00,Instagram,Fall Gallery & Artist Spotlights,Artist quote of the day,💬 Art quote of the day: let this little spark of wisdom fuel your creativity. Our “Fall Gallery & Artist Spotlights” theme is all about staying inspired. What are you working on? #ArtQuote #CreativeCommunity,Post,,,Draft,
2026-09-02,10:00,Facebook,Fall Gallery & Artist Spotlights,Artist quote of the day,💬 Art quote of the day: let this little spark of wisdom fuel your creativity. Our “Fall Gallery & Artist Spotlights” theme is all about staying inspired. What are you working on? #ArtQuote #CreativeCommunity,Post,,,Draft,
2026-09-03,18:00,Instagram,Fall Gallery & Artist Spotlights,Throwback piece from past exhibits,📸 Throwback to a favorite past exhibit at Kokomo Art Association. Our “Fall Gallery & Artist Spotlights” theme reminds us how far our artists and community have come. #TBT #KokomoArtHistory,Post,,,Draft,
2026-09-03,10:00,Facebook,Fall Gallery & Artist Spotlights,Throwback piece from past exhibits,📸 Throwback to a favorite past exhibit at Kokomo Art Association. Our “Fall Gallery & Artist Spotlights” theme reminds us how far our artists and community have come. #TBT #KokomoArtHistory,Post,,,Draft,
2026-09-04,18:00,Instagram,Fall Gallery & Artist Spotlights,Call to visit the gallery,"🏛️ Have you visited the gallery recently? Drop by and experience our “Fall Gallery & Artist Spotlights” artworks in person. Admission is affordable, inspiration is free. #VisitTheGallery #SupportTheArts",Post,,,Draft,
2026-09-04,10:00,Facebook,Fall Gallery & Artist Spotlights,Call to visit the gallery,"🏛️ Have you visited the gallery recently? Drop by and experience our “Fall Gallery & Artist Spotlights” artworks in person. Admission is affordable, inspiration is free. #VisitTheGallery #SupportTheArts",Post,,,Draft,
2026-09-05,18:00,Instagram,Fall Gallery & Artist Spotlights,Announce the fall gallery opening,"🍂 New season, new art! Our Fall Gallery Opening debuts this month with an eclectic mix of mediums and themes. Join us for an evening of art and conversation. #FallGallery #OpeningNight",Post,,,Draft,
2026-09-05,10:00,Facebook,Fall Gallery & Artist Spotlights,Announce the fall gallery opening,"🍂 New season, new art! Our Fall Gallery Opening debuts this month with an eclectic mix of mediums and themes. Join us for an evening of art and conversation. #FallGallery #OpeningNight",Post,,,Draft,
2026-09-06,18:00,Instagram,Fall Gallery & Artist Spotlights,Prompt for followers,🖌️ Creative prompt: make something today inspired by “Fall Gallery & Artist Spotlights.” Share a photo and tag Kokomo Art Association so we can cheer you on! #ArtPrompt #MakeMoreArt,Post,,,Draft,
2026-09-06,10:00,Facebook,Fall Gallery & Artist Spotlights,Prompt for followers,🖌️ Creative prompt: make something today inspired by “Fall Gallery & Artist Spotlights.” Share a photo and tag Kokomo Art Association so we can cheer you on! #ArtPrompt #MakeMoreArt,Post,,,Draft,
2026-09-07,18:00,Instagram,Fall Gallery & Artist Spotlights,Daily art highlight,✨ Daily art moment from Kokomo Art Association! Today we’re celebrating our “Fall Gallery & Artist Spotlights” theme with a featured piece or story from the local art community. Share what it makes you feel. #KokomoArt #DailyArt,Post,,,Draft,
2026-09-07,10:00,Facebook,Fall Gallery & Artist Spotlights,Daily art highlight,✨ Daily art moment from Kokomo Art Association! Today we’re celebrating our “Fall Gallery & Artist Spotlights” theme with a featured piece or story from the local art community. Share what it makes you feel. #KokomoArt #DailyArt,Post,,,Draft,
2026-09-08,18:00,Instagram,Fall Gallery & Artist Spotlights,Behind-the-scenes snapshot,"🧵 Behind the scenes at Kokomo Art Association—prep, planning, and plenty of paint. Our “Fall Gallery & Artist Spotlights” focus keeps us inspired every day. #BehindTheScenes #GalleryLife",Post,,,Draft,
2026-09-08,10:00,Facebook,Fall Gallery & Artist Spotlights,Behind-the-scenes snapshot,"🧵 Behind the scenes at Kokomo Art Association—prep, planning, and plenty of paint. Our “Fall Gallery & Artist Spotlights” focus keeps us inspired every day. #BehindTheScenes #GalleryLife",Post,,,Draft,
2026-09-09,18:00,Instagram,Fall Gallery & Artist Spotlights,Artist quote of the day,💬 Art quote of the day: let this little spark of wisdom fuel your creativity. Our “Fall Gallery & Artist Spotlights” theme is all about staying inspired. What are you working on? #ArtQuote #CreativeCommunity,Post,,,Draft,
2026-09-09,10:00,Facebook,Fall Gallery & Artist Spotlights,Artist quote of the day,💬 Art quote of the day: let this little spark of wisdom fuel your creativity. Our “Fall Gallery & Artist Spotlights” theme is all about staying inspired. What are you working on? #ArtQuote #CreativeCommunity,Post,,,Draft,
2026-09-10,18:00,Instagram,Fall Gallery & Artist Spotlights,Throwback piece from past exhibits,📸 Throwback to a favorite past exhibit at Kokomo Art Association. Our “Fall Gallery & Artist Spotlights” theme reminds us how far our artists and community have come. #TBT #KokomoArtHistory,Post,,,Draft,
2026-09-10,10:00,Facebook,Fall Gallery & Artist Spotlights,Throwback piece from past exhibits,📸 Throwback to a favorite past exhibit at Kokomo Art Association. Our “Fall Gallery & Artist Spotlights” theme reminds us how far our artists and community have come. #TBT #KokomoArtHistory,Post,,,Draft,
2026-09-11,18:00,Instagram,Fall Gallery & Artist Spotlights,Call to visit the gallery,"🏛️ Have you visited the gallery recently? Drop by and experience our “Fall Gallery & Artist Spotlights” artworks in person. Admission is affordable, inspiration is free. #VisitTheGallery #SupportTheArts",Post,,,Draft,
2026-09-11,10:00,Facebook,Fall Gallery & Artist Spotlights,Call to visit the gallery,"🏛️ Have you visited the gallery recently? Drop by and experience our “Fall Gallery & Artist Spotlights” artworks in person. Admission is affordable, inspiration is free. #VisitTheGallery #SupportTheArts",Post,,,Draft,
2026-09-12,18:00,Instagram,Fall Gallery & Artist Spotlights,Spotlight an artist of the month with a mini interview,"🎤 Artist of the Month: Meet Carlos, whose abstract works challenge perceptions and spark conversation. We sat down with him to talk about his process and inspiration. #ArtistSpotlight #MeetTheArtist",Post,,,Draft,
2026-09-12,10:00,Facebook,Fall Gallery & Artist Spotlights,Spotlight an artist of the month with a mini interview,"🎤 Artist of the Month: Meet Carlos, whose abstract works challenge perceptions and spark conversation. We sat down with him to talk about his process and inspiration. #ArtistSpotlight #MeetTheArtist",Post,,,Draft,
2026-09-13,18:00,Instagram,Fall Gallery & Artist Spotlights,Prompt for followers,🖌️ Creative prompt: make something today inspired by “Fall Gallery & Artist Spotlights.” Share a photo and tag Kokomo Art Association so we can cheer you on! #ArtPrompt #MakeMoreArt,Post,,,Draft,
2026-09-13,10:00,Facebook,Fall Gallery & Artist Spotlights,Prompt for followers,🖌️ Creative prompt: make something today inspired by “Fall Gallery & Artist Spotlights.” Share a photo and tag Kokomo Art Association so we can cheer you on! #ArtPrompt #MakeMoreArt,Post,,,Draft,
2026-09-14,18:00,Instagram,Fall Gallery & Artist Spotlights,Daily art highlight,✨ Daily art moment from Kokomo Art Association! Today we’re celebrating our “Fall Gallery & Artist Spotlights” theme with a featured piece or story from the local art community. Share what it makes you feel. #KokomoArt #DailyArt,Post,,,Draft,
2026-09-14,10:00,Facebook,Fall Gallery & Artist Spotlights,Daily art highlight,✨ Daily art moment from Kokomo Art Association! Today we’re celebrating our “Fall Gallery & Artist Spotlights” theme with a featured piece or story from the local art community. Share what it makes you feel. #KokomoArt #DailyArt,Post,,,Draft,
2026-09-15,18:00,Instagram,Fall Gallery & Artist Spotlights,Behind-the-scenes snapshot,"🧵 Behind the scenes at Kokomo Art Association—prep, planning, and plenty of paint. Our “Fall Gallery & Artist Spotlights” focus keeps us inspired every day. #BehindTheScenes #GalleryLife",Post,,,Draft,
2026-09-15,10:00,Facebook,Fall Gallery & Artist Spotlights,Behind-the-scenes snapshot,"🧵 Behind the scenes at Kokomo Art Association—prep, planning, and plenty of paint. Our “Fall Gallery & Artist Spotlights” focus keeps us inspired every day. #BehindTheScenes #GalleryLife",Post,,,Draft,
2026-09-16,18:00,Instagram,Fall Gallery & Artist Spotlights,Artist quote of the day,💬 Art quote of the day: let this little spark of wisdom fuel your creativity. Our “Fall Gallery & Artist Spotlights” theme is all about staying inspired. What are you working on? #ArtQuote #CreativeCommunity,Post,,,Draft,
2026-09-16,10:00,Facebook,Fall Gallery & Artist Spotlights,Artist quote of the day,💬 Art quote of the day: let this little spark of wisdom fuel your creativity. Our “Fall Gallery & Artist Spotlights” theme is all about staying inspired. What are you working on? #ArtQuote #CreativeCommunity,Post,,,Draft,
2026-09-17,18:00,Instagram,Fall Gallery & Artist Spotlights,Throwback piece from past exhibits,📸 Throwback to a favorite past exhibit at Kokomo Art Association. Our “Fall Gallery & Artist Spotlights” theme reminds us how far our artists and community have come. #TBT #KokomoArtHistory,Post,,,Draft,
2026-09-17,10:00,Facebook,Fall Gallery & Artist Spotlights,Throwback piece from past exhibits,📸 Throwback to a favorite past exhibit at Kokomo Art Association. Our “Fall Gallery & Artist Spotlights” theme reminds us how far our artists and community have come. #TBT #KokomoArtHistory,Post,,,Draft,
2026-09-18,18:00,Instagram,Fall Gallery & Artist Spotlights,Call to visit the gallery,"🏛️ Have you visited the gallery recently? Drop by and experience our “Fall Gallery & Artist Spotlights” artworks in person. Admission is affordable, inspiration is free. #VisitTheGallery #SupportTheArts",Post,,,Draft,
2026-09-18,10:00,Facebook,Fall Gallery & Artist Spotlights,Call to visit the gallery,"🏛️ Have you visited the gallery recently? Drop by and experience our “Fall Gallery & Artist Spotlights” artworks in person. Admission is affordable, inspiration is free. #VisitTheGallery #SupportTheArts",Post,,,Draft,
2026-09-19,18:00,Instagram,Fall Gallery & Artist Spotlights,Share behind-the-scenes of an artist’s studio,"🖼️ Ever wondered what an artist’s studio looks like? Take a peek inside Jade’s workspace—brushes, canvases, and a whole lot of imagination. #StudioSneakPeek #CreativeSpace",Post,,,Draft,
2026-09-19,10:00,Facebook,Fall Gallery & Artist Spotlights,Share behind-the-scenes of an artist’s studio,"🖼️ Ever wondered what an artist’s studio looks like? Take a peek inside Jade’s workspace—brushes, canvases, and a whole lot of imagination. #StudioSneakPeek #CreativeSpace",Post,,,Draft,
2026-09-20,18:00,Instagram,Fall Gallery & Artist Spotlights,Prompt for followers,🖌️ Creative prompt: make something today inspired by “Fall Gallery & Artist Spotlights.” Share a photo and tag Kokomo Art Association so we can cheer you on! #ArtPrompt #MakeMoreArt,Post,,,Draft,
2026-09-20,10:00,Facebook,Fall Gallery & Artist Spotlights,Prompt for followers,🖌️ Creative prompt: make something today inspired by “Fall Gallery & Artist Spotlights.” Share a photo and tag Kokomo Art Association so we can cheer you on! #ArtPrompt #MakeMoreArt,Post,,,Draft,
2026-09-21,18:00,Instagram,Fall Gallery & Artist Spotlights,Daily art highlight,✨ Daily art moment from Kokomo Art Association! Today we’re celebrating our “Fall Gallery & Artist Spotlights” theme with a featured piece or story from the local art community. Share what it makes you feel. #KokomoArt #DailyArt,Post,,,Draft,
2026-09-21,10:00,Facebook,Fall Gallery & Artist Spotlights,Daily art highlight,✨ Daily art moment from Kokomo Art Association! Today we’re celebrating our “Fall Gallery & Artist Spotlights” theme with a featured piece or story from the local art community. Share what it makes you feel. #KokomoArt #DailyArt,Post,,,Draft,
2026-09-22,18:00,Instagram,Fall Gallery & Artist Spotlights,Behind-the-scenes snapshot,"🧵 Behind the scenes at Kokomo Art Association—prep, planning, and plenty of paint. Our “Fall Gallery & Artist Spotlights” focus keeps us inspired every day. #BehindTheScenes #GalleryLife",Post,,,Draft,
2026-09-22,10:00,Facebook,Fall Gallery & Artist Spotlights,Behind-the-scenes snapshot,"🧵 Behind the scenes at Kokomo Art Association—prep, planning, and plenty of paint. Our “Fall Gallery & Artist Spotlights” focus keeps us inspired every day. #BehindTheScenes #GalleryLife",Post,,,Draft,
2026-09-23,18:00,Instagram,Fall Gallery & Artist Spotlights,Artist quote of the day,💬 Art quote of the day: let this little spark of wisdom fuel your creativity. Our “Fall Gallery & Artist Spotlights” theme is all about staying inspired. What are you working on? #ArtQuote #CreativeCommunity,Post,,,Draft,
2026-09-23,10:00,Facebook,Fall Gallery & Artist Spotlights,Artist quote of the day,💬 Art quote of the day: let this little spark of wisdom fuel your creativity. Our “Fall Gallery & Artist Spotlights” theme is all about staying inspired. What are you working on? #ArtQuote #CreativeCommunity,Post,,,Draft,
2026-09-24,18:00,Instagram,Fall Gallery & Artist Spotlights,Throwback piece from past exhibits,📸 Throwback to a favorite past exhibit at Kokomo Art Association. Our “Fall Gallery & Artist Spotlights” theme reminds us how far our artists and community have come. #TBT #KokomoArtHistory,Post,,,Draft,
2026-09-24,10:00,Facebook,Fall Gallery & Artist Spotlights,Throwback piece from past exhibits,📸 Throwback to a favorite past exhibit at Kokomo Art Association. Our “Fall Gallery & Artist Spotlights” theme reminds us how far our artists and community have come. #TBT #KokomoArtHistory,Post,,,Draft,
2026-09-25,18:00,Instagram,Fall Gallery & Artist Spotlights,Call to visit the gallery,"🏛️ Have you visited the gallery recently? Drop by and experience our “Fall Gallery & Artist Spotlights” artworks in person. Admission is affordable, inspiration is free. #VisitTheGallery #SupportTheArts",Post,,,Draft,
2026-09-25,10:00,Facebook,Fall Gallery & Artist Spotlights,Call to visit the gallery,"🏛️ Have you visited the gallery recently? Drop by and experience our “Fall Gallery & Artist Spotlights” artworks in person. Admission is affordable, inspiration is free. #VisitTheGallery #SupportTheArts",Post,,,Draft,
2026-09-26,18:00,Instagram,Fall Gallery & Artist Spotlights,Promote an artist talk or panel discussion,"🎙️ Join us for an artist talk where three local creators discuss their work, influences, and the Kokomo art scene. Q&A to follow! #ArtistTalk #CommunityEvent",Post,,,Draft,
2026-09-26,10:00,Facebook,Fall Gallery & Artist Spotlights,Promote an artist talk or panel discussion,"🎙️ Join us for an artist talk where three local creators discuss their work, influences, and the Kokomo art scene. Q&A to follow! #ArtistTalk #CommunityEvent",Post,,,Draft,
2026-09-27,18:00,Instagram,Fall Gallery & Artist Spotlights,Prompt for followers,🖌️ Creative prompt: make something today inspired by “Fall Gallery & Artist Spotlights.” Share a photo and tag Kokomo Art Association so we can cheer you on! #ArtPrompt #MakeMoreArt,Post,,,Draft,
2026-09-27,10:00,Facebook,Fall Gallery & Artist Spotlights,Prompt for followers,🖌️ Creative prompt: make something today inspired by “Fall Gallery & Artist Spotlights.” Share a photo and tag Kokomo Art Association so we can cheer you on! #ArtPrompt #MakeMoreArt,Post,,,Draft,
2026-09-28,18:00,Instagram,Fall Gallery & Artist Spotlights,Daily art highlight,✨ Daily art moment from Kokomo Art Association! Today we’re celebrating our “Fall Gallery & Artist Spotlights” theme with a featured piece or story from the local art community. Share what it makes you feel. #KokomoArt #DailyArt,Post,,,Draft,
2026-09-28,10:00,Facebook,Fall Gallery & Artist Spotlights,Daily art highlight,✨ Daily art moment from Kokomo Art Association! Today we’re celebrating our “Fall Gallery & Artist Spotlights” theme with a featured piece or story from the local art community. Share what it makes you feel. #KokomoArt #DailyArt,Post,,,Draft,
2026-09-29,18:00,Instagram,Fall Gallery & Artist Spotlights,Behind-the-scenes snapshot,"🧵 Behind the scenes at Kokomo Art Association—prep, planning, and plenty of paint. Our “Fall Gallery & Artist Spotlights” focus keeps us inspired every day. #BehindTheScenes #GalleryLife",Post,,,Draft,
2026-09-29,10:00,Facebook,Fall Gallery & Artist Spotlights,Behind-the-scenes snapshot,"🧵 Behind the scenes at Kokomo Art Association—prep, planning, and plenty of paint. Our “Fall Gallery & Artist Spotlights” focus keeps us inspired every day. #BehindTheScenes #GalleryLife",Post,,,Draft,
2026-09-30,18:00,Instagram,Fall Gallery & Artist Spotlights,Artist quote of the day,💬 Art quote of the day: let this little spark of wisdom fuel your creativity. Our “Fall Gallery & Artist Spotlights” theme is all about staying inspired. What are you working on? #ArtQuote #CreativeCommunity,Post,,,Draft,
2026-09-30,10:00,Facebook,Fall Gallery & Artist Spotlights,Artist quote of the day,💬 Art quote of the day: let this little spark of wisdom fuel your creativity. Our “Fall Gallery & Artist Spotlights” theme is all about staying inspired. What are you working on? #ArtQuote #CreativeCommunity,Post,,,Draft,
2026-10-01,18:00,Instagram,Spooky & Seasonal Art,Throwback piece from past exhibits,📸 Throwback to a favorite past exhibit at Kokomo Art Association. Our “Spooky & Seasonal Art” theme reminds us how far our artists and community have come. #TBT #KokomoArtHistory,Post,,,Draft,
2026-10-01,10:00,Facebook,Spooky & Seasonal Art,Throwback piece from past exhibits,📸 Throwback to a favorite past exhibit at Kokomo Art Association. Our “Spooky & Seasonal Art” theme reminds us how far our artists and community have come. #TBT #KokomoArtHistory,Post,,,Draft,
2026-10-02,18:00,Instagram,Spooky & Seasonal Art,Call to visit the gallery,"🏛️ Have you visited the gallery recently? Drop by and experience our “Spooky & Seasonal Art” artworks in person. Admission is affordable, inspiration is free. #VisitTheGallery #SupportTheArts",Post,,,Draft,
2026-10-02,10:00,Facebook,Spooky & Seasonal Art,Call to visit the gallery,"🏛️ Have you visited the gallery recently? Drop by and experience our “Spooky & Seasonal Art” artworks in person. Admission is affordable, inspiration is free. #VisitTheGallery #SupportTheArts",Post,,,Draft,
2026-10-03,18:00,Instagram,Spooky & Seasonal Art,Community shout-out,🤝 Community shout-out! Today we’re thanking everyone who helps keep Kokomo’s arts scene thriving—from volunteers to visitors. Our “Spooky & Seasonal Art” focus is stronger with you. #CommunityLove #KokomoArts,Post,,,Draft,
2026-10-03,10:00,Facebook,Spooky & Seasonal Art,Community shout-out,🤝 Community shout-out! Today we’re thanking everyone who helps keep Kokomo’s arts scene thriving—from volunteers to visitors. Our “Spooky & Seasonal Art” focus is stronger with you. #CommunityLove #KokomoArts,Post,,,Draft,
2026-10-04,18:00,Instagram,Spooky & Seasonal Art,Prompt for followers,🖌️ Creative prompt: make something today inspired by “Spooky & Seasonal Art.” Share a photo and tag Kokomo Art Association so we can cheer you on! #ArtPrompt #MakeMoreArt,Post,,,Draft,
2026-10-04,10:00,Facebook,Spooky & Seasonal Art,Prompt for followers,🖌️ Creative prompt: make something today inspired by “Spooky & Seasonal Art.” Share a photo and tag Kokomo Art Association so we can cheer you on! #ArtPrompt #MakeMoreArt,Post,,,Draft,
2026-10-05,18:00,Instagram,Spooky & Seasonal Art,Showcase Halloween-themed artwork,🎃 Things are getting spooky at the gallery! Check out this eerie painting that’s perfect for October. What’s your favorite spooky art? #HalloweenArt #SpookySeason,Post,,,Draft,
2026-10-05,10:00,Facebook,Spooky & Seasonal Art,Showcase Halloween-themed artwork,🎃 Things are getting spooky at the gallery! Check out this eerie painting that’s perfect for October. What’s your favorite spooky art? #HalloweenArt #SpookySeason,Post,,,Draft,
2026-10-06,18:00,Instagram,Spooky & Seasonal Art,Behind-the-scenes snapshot,"🧵 Behind the scenes at Kokomo Art Association—prep, planning, and plenty of paint. Our “Spooky & Seasonal Art” focus keeps us inspired every day. #BehindTheScenes #GalleryLife",Post,,,Draft,
2026-10-06,10:00,Facebook,Spooky & Seasonal Art,Behind-the-scenes snapshot,"🧵 Behind the scenes at Kokomo Art Association—prep, planning, and plenty of paint. Our “Spooky & Seasonal Art” focus keeps us inspired every day. #BehindTheScenes #GalleryLife",Post,,,Draft,
2026-10-07,18:00,Instagram,Spooky & Seasonal Art,Artist quote of the day,💬 Art quote of the day: let this little spark of wisdom fuel your creativity. Our “Spooky & Seasonal Art” theme is all about staying inspired. What are you working on? #ArtQuote #CreativeCommunity,Post,,,Draft,
2026-10-07,10:00,Facebook,Spooky & Seasonal Art,Artist quote of the day,💬 Art quote of the day: let this little spark of wisdom fuel your creativity. Our “Spooky & Seasonal Art” theme is all about staying inspired. What are you working on? #ArtQuote #CreativeCommunity,Post,,,Draft,
2026-10-08,18:00,Instagram,Spooky & Seasonal Art,Throwback piece from past exhibits,📸 Throwback to a favorite past exhibit at Kokomo Art Association. Our “Spooky & Seasonal Art” theme reminds us how far our artists and community have come. #TBT #KokomoArtHistory,Post,,,Draft,
2026-10-08,10:00,Facebook,Spooky & Seasonal Art,Throwback piece from past exhibits,📸 Throwback to a favorite past exhibit at Kokomo Art Association. Our “Spooky & Seasonal Art” theme reminds us how far our artists and community have come. #TBT #KokomoArtHistory,Post,,,Draft,
2026-10-09,18:00,Instagram,Spooky & Seasonal Art,Call to visit the gallery,"🏛️ Have you visited the gallery recently? Drop by and experience our “Spooky & Seasonal Art” artworks in person. Admission is affordable, inspiration is free. #VisitTheGallery #SupportTheArts",Post,,,Draft,
2026-10-09,10:00,Facebook,Spooky & Seasonal Art,Call to visit the gallery,"🏛️ Have you visited the gallery recently? Drop by and experience our “Spooky & Seasonal Art” artworks in person. Admission is affordable, inspiration is free. #VisitTheGallery #SupportTheArts",Post,,,Draft,
2026-10-10,18:00,Instagram,Spooky & Seasonal Art,Community shout-out,🤝 Community shout-out! Today we’re thanking everyone who helps keep Kokomo’s arts scene thriving—from volunteers to visitors. Our “Spooky & Seasonal Art” focus is stronger with you. #CommunityLove #KokomoArts,Post,,,Draft,
2026-10-10,10:00,Facebook,Spooky & Seasonal Art,Community shout-out,🤝 Community shout-out! Today we’re thanking everyone who helps keep Kokomo’s arts scene thriving—from volunteers to visitors. Our “Spooky & Seasonal Art” focus is stronger with you. #CommunityLove #KokomoArts,Post,,,Draft,
2026-10-11,18:00,Instagram,Spooky & Seasonal Art,Prompt for followers,🖌️ Creative prompt: make something today inspired by “Spooky & Seasonal Art.” Share a photo and tag Kokomo Art Association so we can cheer you on! #ArtPrompt #MakeMoreArt,Post,,,Draft,
2026-10-11,10:00,Facebook,Spooky & Seasonal Art,Prompt for followers,🖌️ Creative prompt: make something today inspired by “Spooky & Seasonal Art.” Share a photo and tag Kokomo Art Association so we can cheer you on! #ArtPrompt #MakeMoreArt,Post,,,Draft,
2026-10-12,18:00,Instagram,Spooky & Seasonal Art,Promote a pumpkin carving or painting event,🪓 Pumpkins at the ready! Join our pumpkin carving/painting party. All ages welcome—let’s make some gourd-geous art! #PumpkinParty #CreativeHalloween,Post,,,Draft,
2026-10-12,10:00,Facebook,Spooky & Seasonal Art,Promote a pumpkin carving or painting event,🪓 Pumpkins at the ready! Join our pumpkin carving/painting party. All ages welcome—let’s make some gourd-geous art! #PumpkinParty #CreativeHalloween,Post,,,Draft,
2026-10-13,18:00,Instagram,Spooky & Seasonal Art,Behind-the-scenes snapshot,"🧵 Behind the scenes at Kokomo Art Association—prep, planning, and plenty of paint. Our “Spooky & Seasonal Art” focus keeps us inspired every day. #BehindTheScenes #GalleryLife",Post,,,Draft,
2026-10-13,10:00,Facebook,Spooky & Seasonal Art,Behind-the-scenes snapshot,"🧵 Behind the scenes at Kokomo Art Association—prep, planning, and plenty of paint. Our “Spooky & Seasonal Art” focus keeps us inspired every day. #BehindTheScenes #GalleryLife",Post,,,Draft,
2026-10-14,18:00,Instagram,Spooky & Seasonal Art,Artist quote of the day,💬 Art quote of the day: let this little spark of wisdom fuel your creativity. Our “Spooky & Seasonal Art” theme is all about staying inspired. What are you working on? #ArtQuote #CreativeCommunity,Post,,,Draft,
2026-10-14,10:00,Facebook,Spooky & Seasonal Art,Artist quote of the day,💬 Art quote of the day: let this little spark of wisdom fuel your creativity. Our “Spooky & Seasonal Art” theme is all about staying inspired. What are you working on? #ArtQuote #CreativeCommunity,Post,,,Draft,
2026-10-15,18:00,Instagram,Spooky & Seasonal Art,Throwback piece from past exhibits,📸 Throwback to a favorite past exhibit at Kokomo Art Association. Our “Spooky & Seasonal Art” theme reminds us how far our artists and community have come. #TBT #KokomoArtHistory,Post,,,Draft,
2026-10-15,10:00,Facebook,Spooky & Seasonal Art,Throwback piece from past exhibits,📸 Throwback to a favorite past exhibit at Kokomo Art Association. Our “Spooky & Seasonal Art” theme reminds us how far our artists and community have come. #TBT #KokomoArtHistory,Post,,,Draft,
2026-10-16,18:00,Instagram,Spooky & Seasonal Art,Call to visit the gallery,"🏛️ Have you visited the gallery recently? Drop by and experience our “Spooky & Seasonal Art” artworks in person. Admission is affordable, inspiration is free. #VisitTheGallery #SupportTheArts",Post,,,Draft,
2026-10-16,10:00,Facebook,Spooky & Seasonal Art,Call to visit the gallery,"🏛️ Have you visited the gallery recently? Drop by and experience our “Spooky & Seasonal Art” artworks in person. Admission is affordable, inspiration is free. #VisitTheGallery #SupportTheArts",Post,,,Draft,
2026-10-17,18:00,Instagram,Spooky & Seasonal Art,Community shout-out,🤝 Community shout-out! Today we’re thanking everyone who helps keep Kokomo’s arts scene thriving—from volunteers to visitors. Our “Spooky & Seasonal Art” focus is stronger with you. #CommunityLove #KokomoArts,Post,,,Draft,
2026-10-17,10:00,Facebook,Spooky & Seasonal Art,Community shout-out,🤝 Community shout-out! Today we’re thanking everyone who helps keep Kokomo’s arts scene thriving—from volunteers to visitors. Our “Spooky & Seasonal Art” focus is stronger with you. #CommunityLove #KokomoArts,Post,,,Draft,
2026-10-18,18:00,Instagram,Spooky & Seasonal Art,Prompt for followers,🖌️ Creative prompt: make something today inspired by “Spooky & Seasonal Art.” Share a photo and tag Kokomo Art Association so we can cheer you on! #ArtPrompt #MakeMoreArt,Post,,,Draft,
2026-10-18,10:00,Facebook,Spooky & Seasonal Art,Prompt for followers,🖌️ Creative prompt: make something today inspired by “Spooky & Seasonal Art.” Share a photo and tag Kokomo Art Association so we can cheer you on! #ArtPrompt #MakeMoreArt,Post,,,Draft,
2026-10-19,18:00,Instagram,Spooky & Seasonal Art,Announce a spooky art contest and encourage submissions,👻 Calling all artists! Enter our Spooky Art Contest for a chance to have your work featured in our October display. Submit your creepiest creations by the 20th! #SpookyContest #ArtCompetition,Post,,,Draft,
2026-10-19,10:00,Facebook,Spooky & Seasonal Art,Announce a spooky art contest and encourage submissions,👻 Calling all artists! Enter our Spooky Art Contest for a chance to have your work featured in our October display. Submit your creepiest creations by the 20th! #SpookyContest #ArtCompetition,Post,,,Draft,
2026-10-20,18:00,Instagram,Spooky & Seasonal Art,Behind-the-scenes snapshot,"🧵 Behind the scenes at Kokomo Art Association—prep, planning, and plenty of paint. Our “Spooky & Seasonal Art” focus keeps us inspired every day. #BehindTheScenes #GalleryLife",Post,,,Draft,
2026-10-20,10:00,Facebook,Spooky & Seasonal Art,Behind-the-scenes snapshot,"🧵 Behind the scenes at Kokomo Art Association—prep, planning, and plenty of paint. Our “Spooky & Seasonal Art” focus keeps us inspired every day. #BehindTheScenes #GalleryLife",Post,,,Draft,
2026-10-21,18:00,Instagram,Spooky & Seasonal Art,Artist quote of the day,💬 Art quote of the day: let this little spark of wisdom fuel your creativity. Our “Spooky & Seasonal Art” theme is all about staying inspired. What are you working on? #ArtQuote #CreativeCommunity,Post,,,Draft,
2026-10-21,10:00,Facebook,Spooky & Seasonal Art,Artist quote of the day,💬 Art quote of the day: let this little spark of wisdom fuel your creativity. Our “Spooky & Seasonal Art” theme is all about staying inspired. What are you working on? #ArtQuote #CreativeCommunity,Post,,,Draft,
2026-10-22,18:00,Instagram,Spooky & Seasonal Art,Throwback piece from past exhibits,📸 Throwback to a favorite past exhibit at Kokomo Art Association. Our “Spooky & Seasonal Art” theme reminds us how far our artists and community have come. #TBT #KokomoArtHistory,Post,,,Draft,
2026-10-22,10:00,Facebook,Spooky & Seasonal Art,Throwback piece from past exhibits,📸 Throwback to a favorite past exhibit at Kokomo Art Association. Our “Spooky & Seasonal Art” theme reminds us how far our artists and community have come. #TBT #KokomoArtHistory,Post,,,Draft,
2026-10-23,18:00,Instagram,Spooky & Seasonal Art,Call to visit the gallery,"🏛️ Have you visited the gallery recently? Drop by and experience our “Spooky & Seasonal Art” artworks in person. Admission is affordable, inspiration is free. #VisitTheGallery #SupportTheArts",Post,,,Draft,
2026-10-23,10:00,Facebook,Spooky & Seasonal Art,Call to visit the gallery,"🏛️ Have you visited the gallery recently? Drop by and experience our “Spooky & Seasonal Art” artworks in person. Admission is affordable, inspiration is free. #VisitTheGallery #SupportTheArts",Post,,,Draft,
2026-10-24,18:00,Instagram,Spooky & Seasonal Art,Community shout-out,🤝 Community shout-out! Today we’re thanking everyone who helps keep Kokomo’s arts scene thriving—from volunteers to visitors. Our “Spooky & Seasonal Art” focus is stronger with you. #CommunityLove #KokomoArts,Post,,,Draft,
2026-10-24,10:00,Facebook,Spooky & Seasonal Art,Community shout-out,🤝 Community shout-out! Today we’re thanking everyone who helps keep Kokomo’s arts scene thriving—from volunteers to visitors. Our “Spooky & Seasonal Art” focus is stronger with you. #CommunityLove #KokomoArts,Post,,,Draft,
2026-10-25,18:00,Instagram,Spooky & Seasonal Art,Prompt for followers,🖌️ Creative prompt: make something today inspired by “Spooky & Seasonal Art.” Share a photo and tag Kokomo Art Association so we can cheer you on! #ArtPrompt #MakeMoreArt,Post,,,Draft,
2026-10-25,10:00,Facebook,Spooky & Seasonal Art,Prompt for followers,🖌️ Creative prompt: make something today inspired by “Spooky & Seasonal Art.” Share a photo and tag Kokomo Art Association so we can cheer you on! #ArtPrompt #MakeMoreArt,Post,,,Draft,
2026-10-26,18:00,Instagram,Spooky & Seasonal Art,Offer tips for creating seasonal decorations,🕯️ DIY tip: Repurpose old jars into candle holders with painted ghosts and bats. Instant Halloween charm! Share your DIY decor with us. #HalloweenDIY #CraftyTips,Post,,,Draft,
2026-10-26,10:00,Facebook,Spooky & Seasonal Art,Offer tips for creating seasonal decorations,🕯️ DIY tip: Repurpose old jars into candle holders with painted ghosts and bats. Instant Halloween charm! Share your DIY decor with us. #HalloweenDIY #CraftyTips,Post,,,Draft,
2026-10-27,18:00,Instagram,Spooky & Seasonal Art,Behind-the-scenes snapshot,"🧵 Behind the scenes at Kokomo Art Association—prep, planning, and plenty of paint. Our “Spooky & Seasonal Art” focus keeps us inspired every day. #BehindTheScenes #GalleryLife",Post,,,Draft,
2026-10-27,10:00,Facebook,Spooky & Seasonal Art,Behind-the-scenes snapshot,"🧵 Behind the scenes at Kokomo Art Association—prep, planning, and plenty of paint. Our “Spooky & Seasonal Art” focus keeps us inspired every day. #BehindTheScenes #GalleryLife",Post,,,Draft,
2026-10-28,18:00,Instagram,Spooky & Seasonal Art,Artist quote of the day,💬 Art quote of the day: let this little spark of wisdom fuel your creativity. Our “Spooky & Seasonal Art” theme is all about staying inspired. What are you working on? #ArtQuote #CreativeCommunity,Post,,,Draft,
2026-10-28,10:00,Facebook,Spooky & Seasonal Art,Artist quote of the day,💬 Art quote of the day: let this little spark of wisdom fuel your creativity. Our “Spooky & Seasonal Art” theme is all about staying inspired. What are you working on? #ArtQuote #CreativeCommunity,Post,,,Draft,
2026-10-29,18:00,Instagram,Spooky & Seasonal Art,Throwback piece from past exhibits,📸 Throwback to a favorite past exhibit at Kokomo Art Association. Our “Spooky & Seasonal Art” theme reminds us how far our artists and community have come. #TBT #KokomoArtHistory,Post,,,Draft,
2026-10-29,10:00,Facebook,Spooky & Seasonal Art,Throwback piece from past exhibits,📸 Throwback to a favorite past exhibit at Kokomo Art Association. Our “Spooky & Seasonal Art” theme reminds us how far our artists and community have come. #TBT #KokomoArtHistory,Post,,,Draft,
2026-10-30,18:00,Instagram,Spooky & Seasonal Art,Call to visit the gallery,"🏛️ Have you visited the gallery recently? Drop by and experience our “Spooky & Seasonal Art” artworks in person. Admission is affordable, inspiration is free. #VisitTheGallery #SupportTheArts",Post,,,Draft,
2026-10-30,10:00,Facebook,Spooky & Seasonal Art,Call to visit the gallery,"🏛️ Have you visited the gallery recently? Drop by and experience our “Spooky & Seasonal Art” artworks in person. Admission is affordable, inspiration is free. #VisitTheGallery #SupportTheArts",Post,,,Draft,
2026-10-31,18:00,Instagram,Spooky & Seasonal Art,Community shout-out,🤝 Community shout-out! Today we’re thanking everyone who helps keep Kokomo’s arts scene thriving—from volunteers to visitors. Our “Spooky & Seasonal Art” focus is stronger with you. #CommunityLove #KokomoArts,Post,,,Draft,
2026-10-31,10:00,Facebook,Spooky & Seasonal Art,Community shout-out,🤝 Community shout-out! Today we’re thanking everyone who helps keep Kokomo’s arts scene thriving—from volunteers to visitors. Our “Spooky & Seasonal Art” focus is stronger with you. #CommunityLove #KokomoArts,Post,,,Draft,
2026-11-01,18:00,Instagram,Gratitude & Support Local Artists,Prompt for followers,🖌️ Creative prompt: make something today inspired by “Gratitude & Support Local Artists.” Share a photo and tag Kokomo Art Association so we can cheer you on! #ArtPrompt #MakeMoreArt,Post,,,Draft,
2026-11-01,10:00,Facebook,Gratitude & Support Local Artists,Prompt for followers,🖌️ Creative prompt: make something today inspired by “Gratitude & Support Local Artists.” Share a photo and tag Kokomo Art Association so we can cheer you on! #ArtPrompt #MakeMoreArt,Post,,,Draft,
2026-11-02,18:00,Instagram,Gratitude & Support Local Artists,Daily art highlight,✨ Daily art moment from Kokomo Art Association! Today we’re celebrating our “Gratitude & Support Local Artists” theme with a featured piece or story from the local art community. Share what it makes you feel. #KokomoArt #DailyArt,Post,,,Draft,
2026-11-02,10:00,Facebook,Gratitude & Support Local Artists,Daily art highlight,✨ Daily art moment from Kokomo Art Association! Today we’re celebrating our “Gratitude & Support Local Artists” theme with a featured piece or story from the local art community. Share what it makes you feel. #KokomoArt #DailyArt,Post,,,Draft,
2026-11-03,18:00,Instagram,Gratitude & Support Local Artists,Behind-the-scenes snapshot,"🧵 Behind the scenes at Kokomo Art Association—prep, planning, and plenty of paint. Our “Gratitude & Support Local Artists” focus keeps us inspired every day. #BehindTheScenes #GalleryLife",Post,,,Draft,
2026-11-03,10:00,Facebook,Gratitude & Support Local Artists,Behind-the-scenes snapshot,"🧵 Behind the scenes at Kokomo Art Association—prep, planning, and plenty of paint. Our “Gratitude & Support Local Artists” focus keeps us inspired every day. #BehindTheScenes #GalleryLife",Post,,,Draft,
2026-11-04,18:00,Instagram,Gratitude & Support Local Artists,Artist quote of the day,💬 Art quote of the day: let this little spark of wisdom fuel your creativity. Our “Gratitude & Support Local Artists” theme is all about staying inspired. What are you working on? #ArtQuote #CreativeCommunity,Post,,,Draft,
2026-11-04,10:00,Facebook,Gratitude & Support Local Artists,Artist quote of the day,💬 Art quote of the day: let this little spark of wisdom fuel your creativity. Our “Gratitude & Support Local Artists” theme is all about staying inspired. What are you working on? #ArtQuote #CreativeCommunity,Post,,,Draft,
2026-11-05,18:00,Instagram,Gratitude & Support Local Artists,Thank patrons and supporters for their contributions,"🙏 As we enter the season of gratitude, we want to thank every patron, volunteer and artist who makes our work possible. You keep the arts alive in Kokomo! #ThankYou #SupportTheArts",Post,,,Draft,
2026-11-05,10:00,Facebook,Gratitude & Support Local Artists,Thank patrons and supporters for their contributions,"🙏 As we enter the season of gratitude, we want to thank every patron, volunteer and artist who makes our work possible. You keep the arts alive in Kokomo! #ThankYou #SupportTheArts",Post,,,Draft,
2026-11-06,18:00,Instagram,Gratitude & Support Local Artists,Call to visit the gallery,"🏛️ Have you visited the gallery recently? Drop by and experience our “Gratitude & Support Local Artists” artworks in person. Admission is affordable, inspiration is free. #VisitTheGallery #SupportTheArts",Post,,,Draft,
2026-11-06,10:00,Facebook,Gratitude & Support Local Artists,Call to visit the gallery,"🏛️ Have you visited the gallery recently? Drop by and experience our “Gratitude & Support Local Artists” artworks in person. Admission is affordable, inspiration is free. #VisitTheGallery #SupportTheArts",Post,,,Draft,
2026-11-07,18:00,Instagram,Gratitude & Support Local Artists,Community shout-out,🤝 Community shout-out! Today we’re thanking everyone who helps keep Kokomo’s arts scene thriving—from volunteers to visitors. Our “Gratitude & Support Local Artists” focus is stronger with you. #CommunityLove #KokomoArts,Post,,,Draft,
2026-11-07,10:00,Facebook,Gratitude & Support Local Artists,Community shout-out,🤝 Community shout-out! Today we’re thanking everyone who helps keep Kokomo’s arts scene thriving—from volunteers to visitors. Our “Gratitude & Support Local Artists” focus is stronger with you. #CommunityLove #KokomoArts,Post,,,Draft,
2026-11-08,18:00,Instagram,Gratitude & Support Local Artists,Prompt for followers,🖌️ Creative prompt: make something today inspired by “Gratitude & Support Local Artists.” Share a photo and tag Kokomo Art Association so we can cheer you on! #ArtPrompt #MakeMoreArt,Post,,,Draft,
2026-11-08,10:00,Facebook,Gratitude & Support Local Artists,Prompt for followers,🖌️ Creative prompt: make something today inspired by “Gratitude & Support Local Artists.” Share a photo and tag Kokomo Art Association so we can cheer you on! #ArtPrompt #MakeMoreArt,Post,,,Draft,
2026-11-09,18:00,Instagram,Gratitude & Support Local Artists,Daily art highlight,✨ Daily art moment from Kokomo Art Association! Today we’re celebrating our “Gratitude & Support Local Artists” theme with a featured piece or story from the local art community. Share what it makes you feel. #KokomoArt #DailyArt,Post,,,Draft,
2026-11-09,10:00,Facebook,Gratitude & Support Local Artists,Daily art highlight,✨ Daily art moment from Kokomo Art Association! Today we’re celebrating our “Gratitude & Support Local Artists” theme with a featured piece or story from the local art community. Share what it makes you feel. #KokomoArt #DailyArt,Post,,,Draft,
2026-11-10,18:00,Instagram,Gratitude & Support Local Artists,Behind-the-scenes snapshot,"🧵 Behind the scenes at Kokomo Art Association—prep, planning, and plenty of paint. Our “Gratitude & Support Local Artists” focus keeps us inspired every day. #BehindTheScenes #GalleryLife",Post,,,Draft,
2026-11-10,10:00,Facebook,Gratitude & Support Local Artists,Behind-the-scenes snapshot,"🧵 Behind the scenes at Kokomo Art Association—prep, planning, and plenty of paint. Our “Gratitude & Support Local Artists” focus keeps us inspired every day. #BehindTheScenes #GalleryLife",Post,,,Draft,
2026-11-11,18:00,Instagram,Gratitude & Support Local Artists,Artist quote of the day,💬 Art quote of the day: let this little spark of wisdom fuel your creativity. Our “Gratitude & Support Local Artists” theme is all about staying inspired. What are you working on? #ArtQuote #CreativeCommunity,Post,,,Draft,
2026-11-11,10:00,Facebook,Gratitude & Support Local Artists,Artist quote of the day,💬 Art quote of the day: let this little spark of wisdom fuel your creativity. Our “Gratitude & Support Local Artists” theme is all about staying inspired. What are you working on? #ArtQuote #CreativeCommunity,Post,,,Draft,
2026-11-12,18:00,Instagram,Gratitude & Support Local Artists,Promote a holiday art sale showcasing local artisans,🛍️ Shop local this holiday! Our Holiday Art Sale features unique pieces perfect for gifting. Support local artists and find something special. #HolidaySale #ShopLocalArt,Post,,,Draft,
2026-11-12,10:00,Facebook,Gratitude & Support Local Artists,Promote a holiday art sale showcasing local artisans,🛍️ Shop local this holiday! Our Holiday Art Sale features unique pieces perfect for gifting. Support local artists and find something special. #HolidaySale #ShopLocalArt,Post,,,Draft,
2026-11-13,18:00,Instagram,Gratitude & Support Local Artists,Call to visit the gallery,"🏛️ Have you visited the gallery recently? Drop by and experience our “Gratitude & Support Local Artists” artworks in person. Admission is affordable, inspiration is free. #VisitTheGallery #SupportTheArts",Post,,,Draft,
2026-11-13,10:00,Facebook,Gratitude & Support Local Artists,Call to visit the gallery,"🏛️ Have you visited the gallery recently? Drop by and experience our “Gratitude & Support Local Artists” artworks in person. Admission is affordable, inspiration is free. #VisitTheGallery #SupportTheArts",Post,,,Draft,
2026-11-14,18:00,Instagram,Gratitude & Support Local Artists,Community shout-out,🤝 Community shout-out! Today we’re thanking everyone who helps keep Kokomo’s arts scene thriving—from volunteers to visitors. Our “Gratitude & Support Local Artists” focus is stronger with you. #CommunityLove #KokomoArts,Post,,,Draft,
2026-11-14,10:00,Facebook,Gratitude & Support Local Artists,Community shout-out,🤝 Community shout-out! Today we’re thanking everyone who helps keep Kokomo’s arts scene thriving—from volunteers to visitors. Our “Gratitude & Support Local Artists” focus is stronger with you. #CommunityLove #KokomoArts,Post,,,Draft,
2026-11-15,18:00,Instagram,Gratitude & Support Local Artists,Prompt for followers,🖌️ Creative prompt: make something today inspired by “Gratitude & Support Local Artists.” Share a photo and tag Kokomo Art Association so we can cheer you on! #ArtPrompt #MakeMoreArt,Post,,,Draft,
2026-11-15,10:00,Facebook,Gratitude & Support Local Artists,Prompt for followers,🖌️ Creative prompt: make something today inspired by “Gratitude & Support Local Artists.” Share a photo and tag Kokomo Art Association so we can cheer you on! #ArtPrompt #MakeMoreArt,Post,,,Draft,
2026-11-16,18:00,Instagram,Gratitude & Support Local Artists,Daily art highlight,✨ Daily art moment from Kokomo Art Association! Today we’re celebrating our “Gratitude & Support Local Artists” theme with a featured piece or story from the local art community. Share what it makes you feel. #KokomoArt #DailyArt,Post,,,Draft,
2026-11-16,10:00,Facebook,Gratitude & Support Local Artists,Daily art highlight,✨ Daily art moment from Kokomo Art Association! Today we’re celebrating our “Gratitude & Support Local Artists” theme with a featured piece or story from the local art community. Share what it makes you feel. #KokomoArt #DailyArt,Post,,,Draft,
2026-11-17,18:00,Instagram,Gratitude & Support Local Artists,Behind-the-scenes snapshot,"🧵 Behind the scenes at Kokomo Art Association—prep, planning, and plenty of paint. Our “Gratitude & Support Local Artists” focus keeps us inspired every day. #BehindTheScenes #GalleryLife",Post,,,Draft,
2026-11-17,10:00,Facebook,Gratitude & Support Local Artists,Behind-the-scenes snapshot,"🧵 Behind the scenes at Kokomo Art Association—prep, planning, and plenty of paint. Our “Gratitude & Support Local Artists” focus keeps us inspired every day. #BehindTheScenes #GalleryLife",Post,,,Draft,
2026-11-18,18:00,Instagram,Gratitude & Support Local Artists,Artist quote of the day,💬 Art quote of the day: let this little spark of wisdom fuel your creativity. Our “Gratitude & Support Local Artists” theme is all about staying inspired. What are you working on? #ArtQuote #CreativeCommunity,Post,,,Draft,
2026-11-18,10:00,Facebook,Gratitude & Support Local Artists,Artist quote of the day,💬 Art quote of the day: let this little spark of wisdom fuel your creativity. Our “Gratitude & Support Local Artists” theme is all about staying inspired. What are you working on? #ArtQuote #CreativeCommunity,Post,,,Draft,
2026-11-19,18:00,Instagram,Gratitude & Support Local Artists,Share quotes of appreciation from artists about community support,"💬 ""Knowing my community believes in my work keeps me going,"" says one of our artists. Your support makes a world of difference. #ArtistAppreciation #CommunitySupport",Post,,,Draft,
2026-11-19,10:00,Facebook,Gratitude & Support Local Artists,Share quotes of appreciation from artists about community support,"💬 ""Knowing my community believes in my work keeps me going,"" says one of our artists. Your support makes a world of difference. #ArtistAppreciation #CommunitySupport",Post,,,Draft,
2026-11-20,18:00,Instagram,Gratitude & Support Local Artists,Call to visit the gallery,"🏛️ Have you visited the gallery recently? Drop by and experience our “Gratitude & Support Local Artists” artworks in person. Admission is affordable, inspiration is free. #VisitTheGallery #SupportTheArts",Post,,,Draft,
2026-11-20,10:00,Facebook,Gratitude & Support Local Artists,Call to visit the gallery,"🏛️ Have you visited the gallery recently? Drop by and experience our “Gratitude & Support Local Artists” artworks in person. Admission is affordable, inspiration is free. #VisitTheGallery #SupportTheArts",Post,,,Draft,
2026-11-21,18:00,Instagram,Gratitude & Support Local Artists,Community shout-out,🤝 Community shout-out! Today we’re thanking everyone who helps keep Kokomo’s arts scene thriving—from volunteers to visitors. Our “Gratitude & Support Local Artists” focus is stronger with you. #CommunityLove #KokomoArts,Post,,,Draft,
2026-11-21,10:00,Facebook,Gratitude & Support Local Artists,Community shout-out,🤝 Community shout-out! Today we’re thanking everyone who helps keep Kokomo’s arts scene thriving—from volunteers to visitors. Our “Gratitude & Support Local Artists” focus is stronger with you. #CommunityLove #KokomoArts,Post,,,Draft,
2026-11-22,18:00,Instagram,Gratitude & Support Local Artists,Prompt for followers,🖌️ Creative prompt: make something today inspired by “Gratitude & Support Local Artists.” Share a photo and tag Kokomo Art Association so we can cheer you on! #ArtPrompt #MakeMoreArt,Post,,,Draft,
2026-11-22,10:00,Facebook,Gratitude & Support Local Artists,Prompt for followers,🖌️ Creative prompt: make something today inspired by “Gratitude & Support Local Artists.” Share a photo and tag Kokomo Art Association so we can cheer you on! #ArtPrompt #MakeMoreArt,Post,,,Draft,
2026-11-23,18:00,Instagram,Gratitude & Support Local Artists,Daily art highlight,✨ Daily art moment from Kokomo Art Association! Today we’re celebrating our “Gratitude & Support Local Artists” theme with a featured piece or story from the local art community. Share what it makes you feel. #KokomoArt #DailyArt,Post,,,Draft,
2026-11-23,10:00,Facebook,Gratitude & Support Local Artists,Daily art highlight,✨ Daily art moment from Kokomo Art Association! Today we’re celebrating our “Gratitude & Support Local Artists” theme with a featured piece or story from the local art community. Share what it makes you feel. #KokomoArt #DailyArt,Post,,,Draft,
2026-11-24,18:00,Instagram,Gratitude & Support Local Artists,Behind-the-scenes snapshot,"🧵 Behind the scenes at Kokomo Art Association—prep, planning, and plenty of paint. Our “Gratitude & Support Local Artists” focus keeps us inspired every day. #BehindTheScenes #GalleryLife",Post,,,Draft,
2026-11-24,10:00,Facebook,Gratitude & Support Local Artists,Behind-the-scenes snapshot,"🧵 Behind the scenes at Kokomo Art Association—prep, planning, and plenty of paint. Our “Gratitude & Support Local Artists” focus keeps us inspired every day. #BehindTheScenes #GalleryLife",Post,,,Draft,
2026-11-25,18:00,Instagram,Gratitude & Support Local Artists,Artist quote of the day,💬 Art quote of the day: let this little spark of wisdom fuel your creativity. Our “Gratitude & Support Local Artists” theme is all about staying inspired. What are you working on? #ArtQuote #CreativeCommunity,Post,,,Draft,
2026-11-25,10:00,Facebook,Gratitude & Support Local Artists,Artist quote of the day,💬 Art quote of the day: let this little spark of wisdom fuel your creativity. Our “Gratitude & Support Local Artists” theme is all about staying inspired. What are you working on? #ArtQuote #CreativeCommunity,Post,,,Draft,
2026-11-26,18:00,Instagram,Gratitude & Support Local Artists,Highlight ways to support artists during the holidays,"🎁 Beyond buying art, you can support artists by sharing their work online, attending shows, and spreading the word. Every little bit helps! #SupportArtists #HolidayGiving",Post,,,Draft,
2026-11-26,10:00,Facebook,Gratitude & Support Local Artists,Highlight ways to support artists during the holidays,"🎁 Beyond buying art, you can support artists by sharing their work online, attending shows, and spreading the word. Every little bit helps! #SupportArtists #HolidayGiving",Post,,,Draft,
2026-11-27,18:00,Instagram,Gratitude & Support Local Artists,Call to visit the gallery,"🏛️ Have you visited the gallery recently? Drop by and experience our “Gratitude & Support Local Artists” artworks in person. Admission is affordable, inspiration is free. #VisitTheGallery #SupportTheArts",Post,,,Draft,
2026-11-27,10:00,Facebook,Gratitude & Support Local Artists,Call to visit the gallery,"🏛️ Have you visited the gallery recently? Drop by and experience our “Gratitude & Support Local Artists” artworks in person. Admission is affordable, inspiration is free. #VisitTheGallery #SupportTheArts",Post,,,Draft,
2026-11-28,18:00,Instagram,Gratitude & Support Local Artists,Community shout-out,🤝 Community shout-out! Today we’re thanking everyone who helps keep Kokomo’s arts scene thriving—from volunteers to visitors. Our “Gratitude & Support Local Artists” focus is stronger with you. #CommunityLove #KokomoArts,Post,,,Draft,
2026-11-28,10:00,Facebook,Gratitude & Support Local Artists,Community shout-out,🤝 Community shout-out! Today we’re thanking everyone who helps keep Kokomo’s arts scene thriving—from volunteers to visitors. Our “Gratitude & Support Local Artists” focus is stronger with you. #CommunityLove #KokomoArts,Post,,,Draft,
2026-11-29,18:00,Instagram,Gratitude & Support Local Artists,Prompt for followers,🖌️ Creative prompt: make something today inspired by “Gratitude & Support Local Artists.” Share a photo and tag Kokomo Art Association so we can cheer you on! #ArtPrompt #MakeMoreArt,Post,,,Draft,
2026-11-29,10:00,Facebook,Gratitude & Support Local Artists,Prompt for followers,🖌️ Creative prompt: make something today inspired by “Gratitude & Support Local Artists.” Share a photo and tag Kokomo Art Association so we can cheer you on! #ArtPrompt #MakeMoreArt,Post,,,Draft,
2026-11-30,18:00,Instagram,Gratitude & Support Local Artists,Daily art highlight,✨ Daily art moment from Kokomo Art Association! Today we’re celebrating our “Gratitude & Support Local Artists” theme with a featured piece or story from the local art community. Share what it makes you feel. #KokomoArt #DailyArt,Post,,,Draft,
2026-11-30,10:00,Facebook,Gratitude & Support Local Artists,Daily art highlight,✨ Daily art moment from Kokomo Art Association! Today we’re celebrating our “Gratitude & Support Local Artists” theme with a featured piece or story from the local art community. Share what it makes you feel. #KokomoArt #DailyArt,Post,,,Draft,
2026-12-01,18:00,Instagram,Holiday Art & Year-End Showcase,Behind-the-scenes snapshot,"🧵 Behind the scenes at Kokomo Art Association—prep, planning, and plenty of paint. Our “Holiday Art & Year-End Showcase” focus keeps us inspired every day. #BehindTheScenes #GalleryLife",Post,,,Draft,
2026-12-01,10:00,Facebook,Holiday Art & Year-End Showcase,Behind-the-scenes snapshot,"🧵 Behind the scenes at Kokomo Art Association—prep, planning, and plenty of paint. Our “Holiday Art & Year-End Showcase” focus keeps us inspired every day. #BehindTheScenes #GalleryLife",Post,,,Draft,
2026-12-02,18:00,Instagram,Holiday Art & Year-End Showcase,Artist quote of the day,💬 Art quote of the day: let this little spark of wisdom fuel your creativity. Our “Holiday Art & Year-End Showcase” theme is all about staying inspired. What are you working on? #ArtQuote #CreativeCommunity,Post,,,Draft,
2026-12-02,10:00,Facebook,Holiday Art & Year-End Showcase,Artist quote of the day,💬 Art quote of the day: let this little spark of wisdom fuel your creativity. Our “Holiday Art & Year-End Showcase” theme is all about staying inspired. What are you working on? #ArtQuote #CreativeCommunity,Post,,,Draft,
2026-12-03,18:00,Instagram,Holiday Art & Year-End Showcase,Throwback piece from past exhibits,📸 Throwback to a favorite past exhibit at Kokomo Art Association. Our “Holiday Art & Year-End Showcase” theme reminds us how far our artists and community have come. #TBT #KokomoArtHistory,Post,,,Draft,
2026-12-03,10:00,Facebook,Holiday Art & Year-End Showcase,Throwback piece from past exhibits,📸 Throwback to a favorite past exhibit at Kokomo Art Association. Our “Holiday Art & Year-End Showcase” theme reminds us how far our artists and community have come. #TBT #KokomoArtHistory,Post,,,Draft,
2026-12-04,18:00,Instagram,Holiday Art & Year-End Showcase,Call to visit the gallery,"🏛️ Have you visited the gallery recently? Drop by and experience our “Holiday Art & Year-End Showcase” artworks in person. Admission is affordable, inspiration is free. #VisitTheGallery #SupportTheArts",Post,,,Draft,
2026-12-04,10:00,Facebook,Holiday Art & Year-End Showcase,Call to visit the gallery,"🏛️ Have you visited the gallery recently? Drop by and experience our “Holiday Art & Year-End Showcase” artworks in person. Admission is affordable, inspiration is free. #VisitTheGallery #SupportTheArts",Post,,,Draft,
2026-12-05,18:00,Instagram,Holiday Art & Year-End Showcase,Share highlights from the holiday market or fair,"🎄 Our Holiday Market was a festive success! Thanks to all the artists and shoppers who filled the hall with joy, art, and holiday cheer. #HolidayMarket #FestiveFun",Post,,,Draft,
2026-12-05,10:00,Facebook,Holiday Art & Year-End Showcase,Share highlights from the holiday market or fair,"🎄 Our Holiday Market was a festive success! Thanks to all the artists and shoppers who filled the hall with joy, art, and holiday cheer. #HolidayMarket #FestiveFun",Post,,,Draft,
2026-12-06,18:00,Instagram,Holiday Art & Year-End Showcase,Prompt for followers,🖌️ Creative prompt: make something today inspired by “Holiday Art & Year-End Showcase.” Share a photo and tag Kokomo Art Association so we can cheer you on! #ArtPrompt #MakeMoreArt,Post,,,Draft,
2026-12-06,10:00,Facebook,Holiday Art & Year-End Showcase,Prompt for followers,🖌️ Creative prompt: make something today inspired by “Holiday Art & Year-End Showcase.” Share a photo and tag Kokomo Art Association so we can cheer you on! #ArtPrompt #MakeMoreArt,Post,,,Draft,
2026-12-07,18:00,Instagram,Holiday Art & Year-End Showcase,Daily art highlight,✨ Daily art moment from Kokomo Art Association! Today we’re celebrating our “Holiday Art & Year-End Showcase” theme with a featured piece or story from the local art community. Share what it makes you feel. #KokomoArt #DailyArt,Post,,,Draft,
2026-12-07,10:00,Facebook,Holiday Art & Year-End Showcase,Daily art highlight,✨ Daily art moment from Kokomo Art Association! Today we’re celebrating our “Holiday Art & Year-End Showcase” theme with a featured piece or story from the local art community. Share what it makes you feel. #KokomoArt #DailyArt,Post,,,Draft,
2026-12-08,18:00,Instagram,Holiday Art & Year-End Showcase,Behind-the-scenes snapshot,"🧵 Behind the scenes at Kokomo Art Association—prep, planning, and plenty of paint. Our “Holiday Art & Year-End Showcase” focus keeps us inspired every day. #BehindTheScenes #GalleryLife",Post,,,Draft,
2026-12-08,10:00,Facebook,Holiday Art & Year-End Showcase,Behind-the-scenes snapshot,"🧵 Behind the scenes at Kokomo Art Association—prep, planning, and plenty of paint. Our “Holiday Art & Year-End Showcase” focus keeps us inspired every day. #BehindTheScenes #GalleryLife",Post,,,Draft,
2026-12-09,18:00,Instagram,Holiday Art & Year-End Showcase,Artist quote of the day,💬 Art quote of the day: let this little spark of wisdom fuel your creativity. Our “Holiday Art & Year-End Showcase” theme is all about staying inspired. What are you working on? #ArtQuote #CreativeCommunity,Post,,,Draft,
2026-12-09,10:00,Facebook,Holiday Art & Year-End Showcase,Artist quote of the day,💬 Art quote of the day: let this little spark of wisdom fuel your creativity. Our “Holiday Art & Year-End Showcase” theme is all about staying inspired. What are you working on? #ArtQuote #CreativeCommunity,Post,,,Draft,
2026-12-10,18:00,Instagram,Holiday Art & Year-End Showcase,Throwback piece from past exhibits,📸 Throwback to a favorite past exhibit at Kokomo Art Association. Our “Holiday Art & Year-End Showcase” theme reminds us how far our artists and community have come. #TBT #KokomoArtHistory,Post,,,Draft,
2026-12-10,10:00,Facebook,Holiday Art & Year-End Showcase,Throwback piece from past exhibits,📸 Throwback to a favorite past exhibit at Kokomo Art Association. Our “Holiday Art & Year-End Showcase” theme reminds us how far our artists and community have come. #TBT #KokomoArtHistory,Post,,,Draft,
2026-12-11,18:00,Instagram,Holiday Art & Year-End Showcase,Call to visit the gallery,"🏛️ Have you visited the gallery recently? Drop by and experience our “Holiday Art & Year-End Showcase” artworks in person. Admission is affordable, inspiration is free. #VisitTheGallery #SupportTheArts",Post,,,Draft,
2026-12-11,10:00,Facebook,Holiday Art & Year-End Showcase,Call to visit the gallery,"🏛️ Have you visited the gallery recently? Drop by and experience our “Holiday Art & Year-End Showcase” artworks in person. Admission is affordable, inspiration is free. #VisitTheGallery #SupportTheArts",Post,,,Draft,
2026-12-12,18:00,Instagram,Holiday Art & Year-End Showcase,Post a year-in-review of exhibitions and achievements,"📆 What a year! From vibrant exhibitions to community murals, 2026 was full of creativity. Swipe through for our highlights. Thank you for being part of it! #YearInReview #KokomoArt",Post,,,Draft,
2026-12-12,10:00,Facebook,Holiday Art & Year-End Showcase,Post a year-in-review of exhibitions and achievements,"📆 What a year! From vibrant exhibitions to community murals, 2026 was full of creativity. Swipe through for our highlights. Thank you for being part of it! #YearInReview #KokomoArt",Post,,,Draft,
2026-12-13,18:00,Instagram,Holiday Art & Year-End Showcase,Prompt for followers,🖌️ Creative prompt: make something today inspired by “Holiday Art & Year-End Showcase.” Share a photo and tag Kokomo Art Association so we can cheer you on! #ArtPrompt #MakeMoreArt,Post,,,Draft,
2026-12-13,10:00,Facebook,Holiday Art & Year-End Showcase,Prompt for followers,🖌️ Creative prompt: make something today inspired by “Holiday Art & Year-End Showcase.” Share a photo and tag Kokomo Art Association so we can cheer you on! #ArtPrompt #MakeMoreArt,Post,,,Draft,
2026-12-14,18:00,Instagram,Holiday Art & Year-End Showcase,Daily art highlight,✨ Daily art moment from Kokomo Art Association! Today we’re celebrating our “Holiday Art & Year-End Showcase” theme with a featured piece or story from the local art community. Share what it makes you feel. #KokomoArt #DailyArt,Post,,,Draft,
2026-12-14,10:00,Facebook,Holiday Art & Year-End Showcase,Daily art highlight,✨ Daily art moment from Kokomo Art Association! Today we’re celebrating our “Holiday Art & Year-End Showcase” theme with a featured piece or story from the local art community. Share what it makes you feel. #KokomoArt #DailyArt,Post,,,Draft,
2026-12-15,18:00,Instagram,Holiday Art & Year-End Showcase,Behind-the-scenes snapshot,"🧵 Behind the scenes at Kokomo Art Association—prep, planning, and plenty of paint. Our “Holiday Art & Year-End Showcase” focus keeps us inspired every day. #BehindTheScenes #GalleryLife",Post,,,Draft,
2026-12-15,10:00,Facebook,Holiday Art & Year-End Showcase,Behind-the-scenes snapshot,"🧵 Behind the scenes at Kokomo Art Association—prep, planning, and plenty of paint. Our “Holiday Art & Year-End Showcase” focus keeps us inspired every day. #BehindTheScenes #GalleryLife",Post,,,Draft,
2026-12-16,18:00,Instagram,Holiday Art & Year-End Showcase,Artist quote of the day,💬 Art quote of the day: let this little spark of wisdom fuel your creativity. Our “Holiday Art & Year-End Showcase” theme is all about staying inspired. What are you working on? #ArtQuote #CreativeCommunity,Post,,,Draft,
2026-12-16,10:00,Facebook,Holiday Art & Year-End Showcase,Artist quote of the day,💬 Art quote of the day: let this little spark of wisdom fuel your creativity. Our “Holiday Art & Year-End Showcase” theme is all about staying inspired. What are you working on? #ArtQuote #CreativeCommunity,Post,,,Draft,
2026-12-17,18:00,Instagram,Holiday Art & Year-End Showcase,Throwback piece from past exhibits,📸 Throwback to a favorite past exhibit at Kokomo Art Association. Our “Holiday Art & Year-End Showcase” theme reminds us how far our artists and community have come. #TBT #KokomoArtHistory,Post,,,Draft,
2026-12-17,10:00,Facebook,Holiday Art & Year-End Showcase,Throwback piece from past exhibits,📸 Throwback to a favorite past exhibit at Kokomo Art Association. Our “Holiday Art & Year-End Showcase” theme reminds us how far our artists and community have come. #TBT #KokomoArtHistory,Post,,,Draft,
2026-12-18,18:00,Instagram,Holiday Art & Year-End Showcase,Call to visit the gallery,"🏛️ Have you visited the gallery recently? Drop by and experience our “Holiday Art & Year-End Showcase” artworks in person. Admission is affordable, inspiration is free. #VisitTheGallery #SupportTheArts",Post,,,Draft,
2026-12-18,10:00,Facebook,Holiday Art & Year-End Showcase,Call to visit the gallery,"🏛️ Have you visited the gallery recently? Drop by and experience our “Holiday Art & Year-End Showcase” artworks in person. Admission is affordable, inspiration is free. #VisitTheGallery #SupportTheArts",Post,,,Draft,
2026-12-19,18:00,Instagram,Holiday Art & Year-End Showcase,Promote winter art classes and programs,"❄️ Keep the creativity flowing this winter with our art classes—ceramics, painting, and more. Spots fill quickly, so sign up soon! #WinterClasses #StayCreative",Post,,,Draft,
2026-12-19,10:00,Facebook,Holiday Art & Year-End Showcase,Promote winter art classes and programs,"❄️ Keep the creativity flowing this winter with our art classes—ceramics, painting, and more. Spots fill quickly, so sign up soon! #WinterClasses #StayCreative",Post,,,Draft,
2026-12-20,18:00,Instagram,Holiday Art & Year-End Showcase,Prompt for followers,🖌️ Creative prompt: make something today inspired by “Holiday Art & Year-End Showcase.” Share a photo and tag Kokomo Art Association so we can cheer you on! #ArtPrompt #MakeMoreArt,Post,,,Draft,
2026-12-20,10:00,Facebook,Holiday Art & Year-End Showcase,Prompt for followers,🖌️ Creative prompt: make something today inspired by “Holiday Art & Year-End Showcase.” Share a photo and tag Kokomo Art Association so we can cheer you on! #ArtPrompt #MakeMoreArt,Post,,,Draft,
2026-12-21,18:00,Instagram,Holiday Art & Year-End Showcase,Daily art highlight,✨ Daily art moment from Kokomo Art Association! Today we’re celebrating our “Holiday Art & Year-End Showcase” theme with a featured piece or story from the local art community. Share what it makes you feel. #KokomoArt #DailyArt,Post,,,Draft,
2026-12-21,10:00,Facebook,Holiday Art & Year-End Showcase,Daily art highlight,✨ Daily art moment from Kokomo Art Association! Today we’re celebrating our “Holiday Art & Year-End Showcase” theme with a featured piece or story from the local art community. Share what it makes you feel. #KokomoArt #DailyArt,Post,,,Draft,
2026-12-22,18:00,Instagram,Holiday Art & Year-End Showcase,Behind-the-scenes snapshot,"🧵 Behind the scenes at Kokomo Art Association—prep, planning, and plenty of paint. Our “Holiday Art & Year-End Showcase” focus keeps us inspired every day. #BehindTheScenes #GalleryLife",Post,,,Draft,
2026-12-22,10:00,Facebook,Holiday Art & Year-End Showcase,Behind-the-scenes snapshot,"🧵 Behind the scenes at Kokomo Art Association—prep, planning, and plenty of paint. Our “Holiday Art & Year-End Showcase” focus keeps us inspired every day. #BehindTheScenes #GalleryLife",Post,,,Draft,
2026-12-23,18:00,Instagram,Holiday Art & Year-End Showcase,Artist quote of the day,💬 Art quote of the day: let this little spark of wisdom fuel your creativity. Our “Holiday Art & Year-End Showcase” theme is all about staying inspired. What are you working on? #ArtQuote #CreativeCommunity,Post,,,Draft,
2026-12-23,10:00,Facebook,Holiday Art & Year-End Showcase,Artist quote of the day,💬 Art quote of the day: let this little spark of wisdom fuel your creativity. Our “Holiday Art & Year-End Showcase” theme is all about staying inspired. What are you working on? #ArtQuote #CreativeCommunity,Post,,,Draft,
2026-12-24,18:00,Instagram,Holiday Art & Year-End Showcase,Throwback piece from past exhibits,📸 Throwback to a favorite past exhibit at Kokomo Art Association. Our “Holiday Art & Year-End Showcase” theme reminds us how far our artists and community have come. #TBT #KokomoArtHistory,Post,,,Draft,
2026-12-24,10:00,Facebook,Holiday Art & Year-End Showcase,Throwback piece from past exhibits,📸 Throwback to a favorite past exhibit at Kokomo Art Association. Our “Holiday Art & Year-End Showcase” theme reminds us how far our artists and community have come. #TBT #KokomoArtHistory,Post,,,Draft,
2026-12-25,18:00,Instagram,Holiday Art & Year-End Showcase,Call to visit the gallery,"🏛️ Have you visited the gallery recently? Drop by and experience our “Holiday Art & Year-End Showcase” artworks in person. Admission is affordable, inspiration is free. #VisitTheGallery #SupportTheArts",Post,,,Draft,
2026-12-25,10:00,Facebook,Holiday Art & Year-End Showcase,Call to visit the gallery,"🏛️ Have you visited the gallery recently? Drop by and experience our “Holiday Art & Year-End Showcase” artworks in person. Admission is affordable, inspiration is free. #VisitTheGallery #SupportTheArts",Post,,,Draft,
2026-12-26,18:00,Instagram,Holiday Art & Year-End Showcase,Send a holiday greeting from the Kokomo Art Association team,✨ Wishing you and yours a joyful holiday season! Thank you for supporting the Kokomo Art Association. We can’t wait to make more art together in 2027! #HappyHolidays #SeeYouNextYear,Post,,,Draft,
2026-12-26,10:00,Facebook,Holiday Art & Year-End Showcase,Send a holiday greeting from the Kokomo Art Association team,✨ Wishing you and yours a joyful holiday season! Thank you for supporting the Kokomo Art Association. We can’t wait to make more art together in 2027! #HappyHolidays #SeeYouNextYear,Post,,,Draft,
2026-12-27,18:00,Instagram,Holiday Art & Year-End Showcase,Prompt for followers,🖌️ Creative prompt: make something today inspired by “Holiday Art & Year-End Showcase.” Share a photo and tag Kokomo Art Association so we can cheer you on! #ArtPrompt #MakeMoreArt,Post,,,Draft,
2026-12-27,10:00,Facebook,Holiday Art & Year-End Showcase,Prompt for followers,🖌️ Creative prompt: make something today inspired by “Holiday Art & Year-End Showcase.” Share a photo and tag Kokomo Art Association so we can cheer you on! #ArtPrompt #MakeMoreArt,Post,,,Draft,
2026-12-28,18:00,Instagram,Holiday Art & Year-End Showcase,Daily art highlight,✨ Daily art moment from Kokomo Art Association! Today we’re celebrating our “Holiday Art & Year-End Showcase” theme with a featured piece or story from the local art community. Share what it makes you feel. #KokomoArt #DailyArt,Post,,,Draft,
2026-12-28,10:00,Facebook,Holiday Art & Year-End Showcase,Daily art highlight,✨ Daily art moment from Kokomo Art Association! Today we’re celebrating our “Holiday Art & Year-End Showcase” theme with a featured piece or story from the local art community. Share what it makes you feel. #KokomoArt #DailyArt,Post,,,Draft,
2026-12-29,18:00,Instagram,Holiday Art & Year-End Showcase,Behind-the-scenes snapshot,"🧵 Behind the scenes at Kokomo Art Association—prep, planning, and plenty of paint. Our “Holiday Art & Year-End Showcase” focus keeps us inspired every day. #BehindTheScenes #GalleryLife",Post,,,Draft,
2026-12-29,10:00,Facebook,Holiday Art & Year-End Showcase,Behind-the-scenes snapshot,"🧵 Behind the scenes at Kokomo Art Association—prep, planning, and plenty of paint. Our “Holiday Art & Year-End Showcase” focus keeps us inspired every day. #BehindTheScenes #GalleryLife",Post,,,Draft,
2026-12-30,18:00,Instagram,Holiday Art & Year-End Showcase,Artist quote of the day,💬 Art quote of the day: let this little spark of wisdom fuel your creativity. Our “Holiday Art & Year-End Showcase” theme is all about staying inspired. What are you working on? #ArtQuote #CreativeCommunity,Post,,,Draft,
2026-12-30,10:00,Facebook,Holiday Art & Year-End Showcase,Artist quote of the day,💬 Art quote of the day: let this little spark of wisdom fuel your creativity. Our “Holiday Art & Year-End Showcase” theme is all about staying inspired. What are you working on? #ArtQuote #CreativeCommunity,Post,,,Draft,
2026-12-31,18:00,Instagram,Holiday Art & Year-End Showcase,Throwback piece from past exhibits,📸 Throwback to a favorite past exhibit at Kokomo Art Association. Our “Holiday Art & Year-End Showcase” theme reminds us how far our artists and community have come. #TBT #KokomoArtHistory,Post,,,Draft,
2026-12-31,10:00,Facebook,Holiday Art & Year-End Showcase,Throwback piece from past exhibits,📸 Throwback to a favorite past exhibit at Kokomo Art Association. Our “Holiday Art & Year-End Showcase” theme reminds us how far our artists and community have come. #TBT #KokomoArtHistory,Post,,,Draft,
